Customer_ID,Age,Gender,Region,Company_Size,Industry,Product_Category,Annual_Spend,Number_of_Orders,Average_Order_Value,Recency_Days,Purchase_Frequency,Preferred_Product,Customer_Tenure_Months
CUST0001,41.0,Male,Bengaluru,Large,,Motion Control,268308.94,10,26830.89,39,0.833,Servo Drive,47
CUST0002,42.0,Male,Ahmedabad,Medium,,Mobile Robotics,461565.24,6,76927.54,54,0.5,AGV,13
CUST0003,36.0,Female,Pune,Medium,,Robotics,429242.19,5,85848.44,45,0.417,SCARA Robot,63
CUST0004,23.0,Female,Bengaluru,,Warehouse & Logistics,Robotics,868601.29,3,289533.76,9,0.25,Industrial Robot,48
CUST0005,42.0,Male,Mumbai,,Manufacturing,End Effectors,57057.89,6,9509.65,19,0.5,Robotic Gripper,14
CUST0006,,Female,Hyderabad,Large,General Engineering,Motion Control,349649.38,6,58274.9,93,0.5,Servo Motor,15
CUST0007,,Female,Ahmedabad,Medium,Warehouse & Logistics,Mobile Robotics,377131.63,10,37713.16,53,0.833,AMR,3
CUST0008,,Male,Chennai,Medium,General Engineering,Robotics,401485.32,9,44609.48,27,0.75,Industrial Robot,17
CUST0009,35.0,Male,Ahmedabad,Medium,Textile,Sensors,105591.97,4,26397.99,65,0.333,Ultrasonic Sensor,46
CUST0010,53.0,Male,Coimbatore,Small,Manufacturing,Machine Vision,88051.88,5,17610.38,138,0.417,Machine Vision Camera,20
CUST0011,62.0,Male,Delhi NCR,Small,General Engineering,Motion Control,225446.75,1,225446.75,67,0.083,Servo Motor,21
CUST0012,36.0,Female,Coimbatore,Small,Manufacturing,Sensors,86317.22,6,14386.2,21,0.5,LiDAR Sensor,3
CUST0013,29.0,Female,Bengaluru,Small,Manufacturing,Mobile Robotics,150120.91,4,37530.23,76,0.333,AMR,14
CUST0014,40.0,Male,Mumbai,Large,Textile,Robotics,745106.24,7,106443.75,106,0.583,Robot Controller,66
CUST0015,45.0,Male,Pune,Medium,Pharmaceutical,Mobile Robotics,386287.88,2,193143.94,73,0.167,AGV,42
CUST0016,44.0,Female,Mumbai,Small,Warehouse & Logistics,End Effectors,15128.69,4,3782.17,40,0.333,Vacuum Gripper,23
CUST0017,44.0,Female,Coimbatore,Medium,Pharmaceutical,Control,128870.79,8,16108.85,76,0.667,PLC,25
CUST0018,34.0,Male,Hyderabad,Medium,Warehouse & Logistics,Motion Control,212003.55,3,70667.85,44,0.25,Servo Drive,34
CUST0019,45.0,Male,Pune,Medium,Electronics,Sensors,81123.68,7,11589.1,20,0.583,LiDAR Sensor,14
CUST0020,33.0,Male,Pune,Small,Warehouse & Logistics,Machine Vision,270465.19,2,135232.59,40,0.167,Machine Vision Camera,10
CUST0021,42.0,Male,Chennai,Large,Warehouse & Logistics,Robotics,687507.22,3,229169.07,61,0.25,Robot Controller,44
CUST0022,37.0,Male,Delhi NCR,Medium,Automotive,End Effectors,95525.16,3,31841.72,38,0.25,Robotic Gripper,33
CUST0023,27.0,Male,Chennai,Medium,Electronics,Sensors,147346.78,9,16371.86,56,0.75,LiDAR Sensor,18
CUST0024,40.0,Male,Delhi NCR,Medium,Electronics,Robotics,669311.86,5,133862.37,29,0.417,Collaborative Robot,24
CUST0025,44.0,Male,Ahmedabad,Small,General Engineering,Motion Control,169519.36,5,33903.87,98,0.417,Servo Drive,14
CUST0026,43.0,Female,Delhi NCR,Small,Textile,Robotics,406093.5,7,58013.36,125,0.583,Collaborative Robot,29
CUST0027,42.0,Male,Chennai,Small,Automotive,Motion Control,275941.73,5,55188.35,56,0.417,Servo Motor,3
CUST0028,23.0,Male,Coimbatore,Medium,Textile,Control,146340.79,6,24390.13,46,0.5,HMI,30
CUST0029,44.0,Male,Pune,Medium,Manufacturing,Motion Control,218416.52,4,54604.13,146,0.333,Servo Drive,22
CUST0030,42.0,Male,Coimbatore,Small,Electronics,Robotics,318010.42,2,159005.21,56,0.167,SCARA Robot,13
CUST0031,29.0,Male,Delhi NCR,Medium,Warehouse & Logistics,Mobile Robotics,505916.97,8,63239.62,177,0.667,AMR,60
CUST0032,35.0,Male,Delhi NCR,Large,Manufacturing,Mobile Robotics,520500.36,7,74357.19,23,0.583,AMR,33
CUST0033,50.0,Male,Bengaluru,Medium,Automotive,End Effectors,116551.29,5,23310.26,58,0.417,Vacuum Gripper,12
CUST0034,38.0,Male,Ahmedabad,Small,Textile,Robotics,328468.76,7,46924.11,19,0.583,Robot Controller,6
CUST0035,27.0,Male,Delhi NCR,Small,Electronics,Motion Control,234269.18,4,58567.29,46,0.333,Servo Drive,28
CUST0036,29.0,Female,Chennai,Small,General Engineering,Mobile Robotics,173313.58,7,24759.08,78,0.583,AGV,4
CUST0037,52.0,Male,Chennai,Large,Manufacturing,Control,326479.03,4,81619.76,178,0.333,HMI,60
CUST0038,47.0,Female,Mumbai,Medium,Food Processing,Control,219161.37,7,31308.77,115,0.583,PLC,38
CUST0039,39.0,Male,Coimbatore,Medium,Automotive,Sensors,120480.59,3,40160.2,13,0.25,Proximity Sensor,22
CUST0040,47.0,Male,Pune,Medium,Manufacturing,Control,211177.01,3,70392.34,26,0.25,HMI,3
CUST0041,31.0,Male,Bengaluru,Small,General Engineering,Machine Vision,145364.07,7,20766.3,30,0.583,Machine Vision Camera,14
CUST0042,41.0,Female,Ahmedabad,Large,Manufacturing,End Effectors,261877.46,7,37411.07,61,0.583,Vacuum Gripper,34
CUST0043,42.0,Female,Bengaluru,Small,Textile,Control,102031.78,4,25507.95,53,0.333,PLC,4
CUST0044,33.0,Male,Pune,Small,Textile,End Effectors,158812.29,4,39703.07,103,0.333,Robotic Gripper,18
CUST0045,39.0,Male,Hyderabad,Medium,Manufacturing,Motion Control,197705.93,5,39541.19,78,0.417,Servo Motor,33
CUST0046,36.0,Male,Chennai,Small,Pharmaceutical,End Effectors,191477.13,4,47869.28,36,0.333,Robotic Gripper,28
CUST0047,34.0,Male,Coimbatore,Medium,Pharmaceutical,Robotics,373397.89,4,93349.47,90,0.333,Robot Controller,14
CUST0048,30.0,Male,Chennai,Medium,Pharmaceutical,Motion Control,84192.62,5,16838.52,53,0.417,Servo Motor,16
CUST0049,47.0,Male,Pune,Medium,Automotive,Sensors,93194.68,12,7766.22,122,1.0,Proximity Sensor,33
CUST0050,37.0,Female,Bengaluru,Medium,General Engineering,Motion Control,291950.1,3,97316.7,62,0.25,Servo Drive,44
CUST0051,41.0,Female,Pune,Large,Manufacturing,Robotics,838634.79,8,104829.35,127,0.667,Collaborative Robot,40
CUST0052,27.0,Female,Bengaluru,Medium,Warehouse & Logistics,Robotics,344664.38,7,49237.77,101,0.583,SCARA Robot,39
CUST0053,44.0,Male,Chennai,Large,Automotive,Sensors,223696.02,8,27962.0,10,0.667,Ultrasonic Sensor,31
CUST0054,40.0,Male,Bengaluru,Small,Manufacturing,Mobile Robotics,336731.23,5,67346.25,31,0.417,AMR,3
CUST0055,44.0,Male,Mumbai,Large,Electronics,End Effectors,176365.24,11,16033.2,39,0.917,Robotic Gripper,34
CUST0056,38.0,Male,Hyderabad,Medium,Electronics,Motion Control,288876.21,5,57775.24,8,0.417,Servo Motor,30
CUST0057,37.0,Female,Hyderabad,Large,Manufacturing,Motion Control,385226.42,6,64204.4,34,0.5,Servo Drive,44
CUST0058,29.0,Male,Chennai,Medium,Manufacturing,Robotics,428438.56,4,107109.64,60,0.333,Collaborative Robot,40
CUST0059,38.0,Female,Pune,Medium,Manufacturing,End Effectors,151712.21,3,50570.74,125,0.25,Robotic Gripper,16
CUST0060,43.0,Female,Delhi NCR,Small,Manufacturing,Sensors,59435.66,3,19811.89,20,0.25,Proximity Sensor,44
CUST0061,34.0,Male,Chennai,Medium,Pharmaceutical,Robotics,500104.16,3,166701.39,48,0.25,SCARA Robot,28
CUST0062,32.0,Male,Hyderabad,Medium,Pharmaceutical,Sensors,136751.52,7,19535.93,65,0.583,Proximity Sensor,41
CUST0063,33.0,Male,Bengaluru,Small,Pharmaceutical,End Effectors,175276.26,5,35055.25,88,0.417,Robotic Gripper,3
CUST0064,38.0,Female,Mumbai,Large,Food Processing,Robotics,1046496.6,7,149499.51,56,0.583,Industrial Robot,47
CUST0065,27.0,Male,Ahmedabad,Medium,Warehouse & Logistics,Motion Control,142389.62,2,71194.81,83,0.167,Servo Drive,38
CUST0066,32.0,Male,Chennai,Small,General Engineering,Robotics,511144.13,3,170381.38,41,0.25,Industrial Robot,20
CUST0067,53.0,Female,Mumbai,Large,Food Processing,Sensors,200105.13,8,25013.14,22,0.667,LiDAR Sensor,33
CUST0068,41.0,Male,Bengaluru,Medium,Textile,Robotics,551861.1,11,50169.19,22,0.917,Robot Controller,33
CUST0069,25.0,Male,Hyderabad,Small,General Engineering,Robotics,249469.37,3,83156.46,91,0.25,Collaborative Robot,19
CUST0070,38.0,Male,Ahmedabad,Medium,Manufacturing,Mobile Robotics,502434.82,3,167478.27,44,0.25,AMR,12
CUST0071,42.0,Male,Delhi NCR,Large,Warehouse & Logistics,Mobile Robotics,748271.61,8,93533.95,21,0.667,AGV,20
CUST0072,41.0,Male,Delhi NCR,Medium,Electronics,Robotics,346110.25,8,43263.78,160,0.667,Industrial Robot,20
CUST0073,34.0,Male,Pune,Medium,Electronics,End Effectors,198654.63,8,24831.83,90,0.667,Vacuum Gripper,35
CUST0074,35.0,Male,Pune,Medium,Electronics,Mobile Robotics,203164.69,7,29023.53,6,0.583,AGV,27
CUST0075,45.0,Female,Hyderabad,Medium,Automotive,Sensors,128445.04,4,32111.26,91,0.333,Proximity Sensor,26
CUST0076,40.0,Female,Mumbai,Medium,Warehouse & Logistics,Sensors,122616.83,9,13624.09,97,0.75,Ultrasonic Sensor,44
CUST0077,45.0,Female,Pune,Medium,Warehouse & Logistics,Mobile Robotics,334684.38,8,41835.55,70,0.667,AMR,37
CUST0078,43.0,Female,Coimbatore,Small,Food Processing,Mobile Robotics,340425.19,5,68085.04,13,0.417,AMR,34
CUST0079,36.0,Male,Ahmedabad,Large,Textile,Mobile Robotics,573670.05,10,57367.0,110,0.833,AGV,57
CUST0080,30.0,Male,Ahmedabad,Large,Automotive,Mobile Robotics,755196.43,5,151039.29,33,0.417,AMR,53
CUST0081,48.0,Male,Delhi NCR,Medium,Electronics,Robotics,596910.35,7,85272.91,31,0.583,Robot Controller,25
CUST0082,35.0,Female,Chennai,Large,Manufacturing,Machine Vision,388401.68,7,55485.95,56,0.583,Machine Vision Camera,32
CUST0083,41.0,Male,Pune,Large,Manufacturing,Motion Control,311051.91,12,25920.99,38,1.0,Servo Motor,22
CUST0084,36.0,Male,Delhi NCR,Medium,Automotive,Mobile Robotics,332992.14,6,55498.69,18,0.5,AGV,21
CUST0085,29.0,Female,Mumbai,Large,Textile,Control,245259.06,11,22296.28,55,0.917,HMI,57
CUST0086,41.0,Female,Bengaluru,Small,Textile,Motion Control,156802.25,5,31360.45,83,0.417,Servo Motor,10
CUST0087,24.0,Male,Mumbai,Large,Automotive,Sensors,109160.4,9,12128.93,45,0.75,LiDAR Sensor,44
CUST0088,38.0,Female,Delhi NCR,Medium,General Engineering,Mobile Robotics,374120.33,5,74824.07,45,0.417,AGV,31
CUST0089,39.0,Male,Chennai,Medium,Manufacturing,Sensors,148828.46,6,24804.74,24,0.5,Proximity Sensor,42
CUST0090,45.0,Male,Ahmedabad,Medium,Warehouse & Logistics,Robotics,653675.33,3,217891.78,50,0.25,SCARA Robot,3
CUST0091,28.0,Male,Hyderabad,Medium,Electronics,Motion Control,193304.58,8,24163.07,83,0.667,Servo Drive,12
CUST0092,44.0,Female,Chennai,Medium,Electronics,Sensors,85252.76,9,9472.53,94,0.75,LiDAR Sensor,35
CUST0093,39.0,Male,Chennai,Small,Textile,Motion Control,94542.41,3,31514.14,91,0.25,Servo Drive,15
CUST0094,48.0,Male,Delhi NCR,Large,General Engineering,Mobile Robotics,556688.43,8,69586.05,23,0.667,AMR,39
CUST0095,31.0,Male,Pune,Large,General Engineering,Control,391777.74,5,78355.55,162,0.417,HMI,50
CUST0096,40.0,Male,Bengaluru,Medium,Warehouse & Logistics,Control,206837.82,6,34472.97,23,0.5,PLC,3
CUST0097,33.0,Male,Chennai,Medium,Food Processing,Motion Control,143290.42,5,28658.08,72,0.417,Servo Drive,29
CUST0098,36.0,Male,Coimbatore,Small,Warehouse & Logistics,Sensors,53385.05,1,53385.05,15,0.083,Ultrasonic Sensor,35
CUST0099,42.0,Male,Mumbai,Medium,Electronics,Robotics,667465.04,7,95352.15,56,0.583,Robot Controller,46
CUST0100,32.0,Male,Coimbatore,Small,Automotive,Robotics,372152.84,6,62025.47,11,0.5,Industrial Robot,3
CUST0101,39.0,Female,Coimbatore,Small,Textile,Sensors,15000.0,3,5000.0,46,0.25,Proximity Sensor,23
CUST0102,32.0,Male,Chennai,Medium,Pharmaceutical,Mobile Robotics,246180.41,2,123090.21,28,0.167,AGV,21
CUST0103,49.0,Male,Mumbai,Medium,Warehouse & Logistics,Sensors,94975.59,3,31658.53,36,0.25,Proximity Sensor,24
CUST0104,23.0,Male,Delhi NCR,Small,Food Processing,Motion Control,279447.14,4,69861.79,40,0.333,Servo Drive,26
CUST0105,40.0,Female,Bengaluru,Medium,Manufacturing,Mobile Robotics,373709.31,3,124569.77,19,0.25,AMR,32
CUST0106,43.0,Male,Chennai,Medium,Automotive,Sensors,115338.8,5,23067.76,84,0.417,Proximity Sensor,39
CUST0107,34.0,Male,Bengaluru,Small,Automotive,Mobile Robotics,212173.78,3,70724.59,60,0.25,AGV,21
CUST0108,44.0,Male,Coimbatore,Large,Pharmaceutical,Mobile Robotics,532478.88,7,76068.41,46,0.583,AGV,68
CUST0109,42.0,Male,Coimbatore,Medium,Warehouse & Logistics,Motion Control,276514.69,4,69128.67,53,0.333,Servo Motor,14
CUST0110,38.0,Female,Delhi NCR,Medium,Manufacturing,Motion Control,188660.05,8,23582.51,27,0.667,Servo Drive,15
CUST0111,37.0,Female,Bengaluru,Small,Textile,Machine Vision,164756.2,4,41189.05,103,0.333,Machine Vision Camera,10
CUST0112,38.0,Male,Pune,Small,Warehouse & Logistics,Control,92657.22,4,23164.3,85,0.333,HMI,8
CUST0113,33.0,Female,Bengaluru,Small,Pharmaceutical,Sensors,88178.34,1,88178.34,45,0.083,LiDAR Sensor,9
CUST0114,42.0,Male,Mumbai,Medium,Warehouse & Logistics,Robotics,767946.71,5,153589.34,77,0.417,SCARA Robot,14
CUST0115,39.0,Female,Mumbai,Medium,Electronics,End Effectors,171706.84,8,21463.35,70,0.667,Vacuum Gripper,44
CUST0116,42.0,Male,Delhi NCR,Medium,Electronics,Control,132553.94,8,16569.24,77,0.667,PLC,29
CUST0117,38.0,Female,Ahmedabad,Medium,Warehouse & Logistics,Robotics,746792.1,4,186698.03,36,0.333,SCARA Robot,3
CUST0118,45.0,Male,Delhi NCR,Medium,General Engineering,Motion Control,223276.19,6,37212.7,104,0.5,Servo Drive,32
CUST0119,35.0,Female,Hyderabad,Large,Automotive,Sensors,196632.03,13,15125.54,32,1.083,Proximity Sensor,42
CUST0120,40.0,Male,Hyderabad,Small,Warehouse & Logistics,Motion Control,15000.0,6,2500.0,179,0.5,Servo Drive,29
CUST0121,31.0,Male,Bengaluru,Small,Pharmaceutical,Mobile Robotics,224801.9,4,56200.47,43,0.333,AMR,23
CUST0122,38.0,Male,Delhi NCR,Medium,Automotive,End Effectors,256988.64,6,42831.44,47,0.5,Robotic Gripper,21
CUST0123,39.0,Female,Coimbatore,Medium,Manufacturing,Mobile Robotics,519008.05,6,86501.34,44,0.5,AMR,43
CUST0124,34.0,Male,Mumbai,Small,Pharmaceutical,Motion Control,185541.98,4,46385.5,53,0.333,Servo Motor,17
CUST0125,43.0,Male,Pune,Large,Electronics,Robotics,786587.53,7,112369.65,39,0.583,Industrial Robot,44
CUST0126,23.0,Female,Chennai,Medium,Automotive,Robotics,203202.09,4,50800.52,46,0.333,Collaborative Robot,37
CUST0127,23.0,Female,Bengaluru,Large,Manufacturing,Machine Vision,308591.03,5,61718.21,49,0.417,Machine Vision Camera,47
CUST0128,39.0,Male,Mumbai,Small,Manufacturing,Motion Control,135688.85,4,33922.21,71,0.333,Servo Motor,8
CUST0129,40.0,Male,Hyderabad,Small,Manufacturing,Robotics,139084.47,4,34771.12,8,0.333,SCARA Robot,29
CUST0130,52.0,Male,Coimbatore,Medium,Automotive,Control,149696.48,5,29939.3,21,0.417,HMI,38
CUST0131,47.0,Male,Pune,Small,Food Processing,Motion Control,136535.64,3,45511.88,57,0.25,Servo Drive,13
CUST0132,42.0,Male,Hyderabad,Medium,Manufacturing,Sensors,121616.2,5,24323.24,60,0.417,LiDAR Sensor,20
CUST0133,43.0,Male,Delhi NCR,Medium,Warehouse & Logistics,Robotics,534144.75,4,133536.19,60,0.333,SCARA Robot,48
CUST0134,40.0,Male,Delhi NCR,Small,Food Processing,Robotics,530532.51,3,176844.17,25,0.25,Collaborative Robot,32
CUST0135,28.0,Male,Bengaluru,Medium,General Engineering,End Effectors,72999.07,5,14599.81,17,0.417,Vacuum Gripper,29
CUST0136,37.0,Female,Ahmedabad,Medium,Warehouse & Logistics,Sensors,163989.94,3,54663.31,4,0.25,Proximity Sensor,13
CUST0137,44.0,Female,Chennai,Small,General Engineering,Mobile Robotics,233414.09,9,25934.9,19,0.75,AMR,11
CUST0138,31.0,Female,Bengaluru,Large,Electronics,Motion Control,330455.63,9,36717.29,3,0.75,Servo Motor,37
CUST0139,40.0,Female,Chennai,Small,Manufacturing,Sensors,103688.31,2,51844.15,38,0.167,Ultrasonic Sensor,52
CUST0140,36.0,Male,Mumbai,Medium,Automotive,Sensors,70352.74,7,10050.39,83,0.583,LiDAR Sensor,23
CUST0141,34.0,Male,Hyderabad,Large,Food Processing,Control,214998.38,4,53749.6,130,0.333,PLC,51
CUST0142,25.0,Male,Mumbai,Small,Warehouse & Logistics,Robotics,306038.65,4,76509.66,13,0.333,Industrial Robot,54
CUST0143,32.0,Female,Delhi NCR,Small,Food Processing,Mobile Robotics,421336.54,4,105334.14,16,0.333,AGV,26
CUST0144,39.0,Female,Hyderabad,Large,Electronics,Robotics,939327.35,12,78277.28,21,1.0,Collaborative Robot,64
CUST0145,43.0,Male,Bengaluru,Medium,General Engineering,Machine Vision,218906.46,7,31272.35,27,0.583,Machine Vision Camera,3
CUST0146,41.0,Female,Delhi NCR,Large,Food Processing,Robotics,907034.05,8,113379.26,54,0.667,Robot Controller,37
CUST0147,30.0,Male,Mumbai,Large,Electronics,Control,247642.34,12,20636.86,72,1.0,HMI,57
CUST0148,44.0,Female,Chennai,Large,Pharmaceutical,End Effectors,181845.38,9,20205.04,104,0.75,Robotic Gripper,29
CUST0149,44.0,Female,Bengaluru,Large,Manufacturing,Robotics,904613.26,7,129230.47,11,0.583,SCARA Robot,61
CUST0150,31.0,Male,Pune,Large,Pharmaceutical,End Effectors,271172.78,11,24652.07,37,0.917,Vacuum Gripper,40
CUST0151,39.0,Male,Bengaluru,Medium,Automotive,Mobile Robotics,608766.82,3,202922.27,89,0.25,AGV,38
CUST0152,44.0,Male,Mumbai,Medium,Manufacturing,Mobile Robotics,220990.52,3,73663.51,24,0.25,AMR,60
CUST0153,35.0,Male,Bengaluru,Small,Pharmaceutical,Robotics,704956.91,4,176239.23,5,0.333,Industrial Robot,27
CUST0154,33.0,Male,Hyderabad,Medium,Pharmaceutical,Mobile Robotics,396490.09,6,66081.68,25,0.5,AMR,9
CUST0155,49.0,Male,Bengaluru,Medium,Textile,Mobile Robotics,607837.55,9,67537.51,31,0.75,AGV,24
CUST0156,34.0,Male,Hyderabad,Small,Textile,Control,146169.42,4,36542.35,42,0.333,PLC,15
CUST0157,37.0,Male,Mumbai,Medium,Textile,Control,190461.98,4,47615.5,79,0.333,PLC,36
CUST0158,62.0,Male,Hyderabad,Small,General Engineering,Machine Vision,95310.81,3,31770.27,41,0.25,Machine Vision Camera,28
CUST0159,44.0,Male,Delhi NCR,Medium,Pharmaceutical,Mobile Robotics,340655.36,9,37850.6,56,0.75,AGV,6
CUST0160,38.0,Female,Bengaluru,Large,Food Processing,Sensors,168094.81,8,21011.85,18,0.667,Ultrasonic Sensor,61
CUST0161,35.0,Male,Pune,Medium,Warehouse & Logistics,Sensors,111395.18,5,22279.04,166,0.417,Proximity Sensor,13
CUST0162,23.0,Male,Ahmedabad,Small,Textile,Sensors,85826.13,6,14304.35,33,0.5,Ultrasonic Sensor,25
CUST0163,49.0,Male,Ahmedabad,Medium,Food Processing,Machine Vision,260114.1,9,28901.57,18,0.75,Machine Vision Camera,55
CUST0164,34.0,Male,Ahmedabad,Large,Warehouse & Logistics,Sensors,118292.84,8,14786.6,74,0.667,LiDAR Sensor,37
CUST0165,32.0,Male,Bengaluru,Medium,Textile,End Effectors,137847.2,7,19692.46,149,0.583,Robotic Gripper,28
CUST0166,23.0,Female,Bengaluru,Large,Food Processing,Motion Control,352225.2,6,58704.2,53,0.5,Servo Drive,47
CUST0167,35.0,Female,Chennai,Small,Warehouse & Logistics,Control,136942.41,4,34235.6,66,0.333,HMI,7
CUST0168,38.0,Male,Delhi NCR,Small,Pharmaceutical,End Effectors,96914.74,3,32304.91,161,0.25,Vacuum Gripper,6
CUST0169,53.0,Male,Bengaluru,Medium,Food Processing,Mobile Robotics,212334.41,8,26541.8,36,0.667,AMR,3
CUST0170,48.0,Male,Chennai,Medium,Pharmaceutical,Robotics,503061.72,7,71865.96,34,0.583,SCARA Robot,36
CUST0171,23.0,Male,Delhi NCR,Medium,Automotive,Sensors,171754.16,8,21469.27,59,0.667,Proximity Sensor,48
CUST0172,41.0,Male,Bengaluru,Small,Food Processing,Mobile Robotics,174757.42,5,34951.48,15,0.417,AMR,26
CUST0173,44.0,Male,Bengaluru,Medium,General Engineering,Control,248604.82,6,41434.14,78,0.5,HMI,32
CUST0174,24.0,Male,Delhi NCR,Medium,Manufacturing,Robotics,617021.38,9,68557.93,42,0.75,Collaborative Robot,8
CUST0175,33.0,Female,Chennai,Large,Automotive,Control,320451.91,7,45778.84,55,0.583,HMI,42
CUST0176,39.0,Male,Coimbatore,Medium,Automotive,Machine Vision,253976.53,2,126988.26,92,0.167,Machine Vision Camera,36
CUST0177,39.0,Male,Bengaluru,Small,Electronics,Machine Vision,290027.35,8,36253.42,10,0.667,Machine Vision Camera,13
CUST0178,27.0,Male,Coimbatore,Small,Warehouse & Logistics,Mobile Robotics,232924.27,3,77641.42,73,0.25,AGV,30
CUST0179,33.0,Male,Coimbatore,Large,Warehouse & Logistics,Mobile Robotics,479925.17,6,79987.53,52,0.5,AGV,27
CUST0180,50.0,Male,Chennai,Small,Food Processing,Sensors,71937.26,2,35968.63,49,0.167,Proximity Sensor,26
CUST0181,38.0,Male,Bengaluru,Medium,Automotive,Robotics,724579.58,3,241526.53,46,0.25,SCARA Robot,48
CUST0182,38.0,Female,Delhi NCR,Large,Warehouse & Logistics,Sensors,193892.53,8,24236.57,102,0.667,LiDAR Sensor,32
CUST0183,25.0,Male,Bengaluru,Small,Manufacturing,Robotics,346307.45,6,57717.91,37,0.5,Industrial Robot,12
CUST0184,41.0,Male,Chennai,Medium,Food Processing,Mobile Robotics,334621.02,7,47803.0,76,0.583,AGV,22
CUST0185,35.0,Female,Delhi NCR,Medium,Manufacturing,Robotics,605090.18,4,151272.54,85,0.333,Industrial Robot,37
CUST0186,40.0,Female,Mumbai,Medium,Pharmaceutical,Control,175664.07,6,29277.34,19,0.5,HMI,38
CUST0187,36.0,Male,Delhi NCR,Large,Manufacturing,Robotics,616894.57,5,123378.91,109,0.417,Industrial Robot,38
CUST0188,38.0,Female,Pune,Medium,Manufacturing,Mobile Robotics,463026.37,5,92605.27,47,0.417,AGV,25
CUST0189,33.0,Male,Coimbatore,Small,Pharmaceutical,Machine Vision,39689.25,6,6614.88,19,0.5,Machine Vision Camera,13
CUST0190,38.0,Male,Chennai,Medium,Automotive,Sensors,56794.97,2,28397.49,46,0.167,Proximity Sensor,42
CUST0191,39.0,Female,Pune,Small,Food Processing,Machine Vision,326358.19,5,65271.64,27,0.417,Machine Vision Camera,27
CUST0192,43.0,Male,Pune,Medium,Pharmaceutical,Machine Vision,312757.54,5,62551.51,11,0.417,Machine Vision Camera,34
CUST0193,52.0,Male,Mumbai,Medium,Manufacturing,Robotics,532283.97,7,76040.57,88,0.583,SCARA Robot,25
CUST0194,37.0,Male,Bengaluru,Medium,Automotive,Robotics,570060.28,3,190020.09,12,0.25,Collaborative Robot,20
CUST0195,39.0,Male,Pune,Large,Food Processing,Machine Vision,479596.34,7,68513.76,72,0.583,Machine Vision Camera,64
CUST0196,46.0,Male,Pune,Medium,Textile,Machine Vision,208301.76,6,34716.96,24,0.5,Machine Vision Camera,15
CUST0197,29.0,Male,Mumbai,Large,Automotive,Robotics,675766.27,7,96538.04,87,0.583,SCARA Robot,23
CUST0198,40.0,Male,Hyderabad,Small,Textile,Robotics,434747.91,4,108686.98,47,0.333,SCARA Robot,12
CUST0199,47.0,Male,Delhi NCR,Small,Textile,Control,85480.14,3,28493.38,15,0.25,HMI,37
CUST0200,34.0,Male,Chennai,Large,Warehouse & Logistics,Mobile Robotics,764229.94,10,76422.99,70,0.833,AGV,39
CUST0201,29.0,Male,Bengaluru,Medium,Manufacturing,Motion Control,197232.91,6,32872.15,35,0.5,Servo Drive,14
CUST0202,32.0,Female,Hyderabad,Medium,Food Processing,Motion Control,215449.69,4,53862.42,26,0.333,Servo Motor,20
CUST0203,33.0,Male,Pune,Medium,Manufacturing,Sensors,74481.25,2,37240.62,22,0.167,Proximity Sensor,52
CUST0204,36.0,Male,Pune,Small,Automotive,End Effectors,37301.37,4,9325.34,46,0.333,Robotic Gripper,16
CUST0205,38.0,Male,Pune,Large,General Engineering,Control,347341.7,7,49620.24,100,0.583,PLC,36
CUST0206,40.0,Female,Chennai,Medium,General Engineering,Sensors,194425.61,4,48606.4,25,0.333,LiDAR Sensor,31
CUST0207,42.0,Male,Pune,Small,Food Processing,Robotics,256308.0,1,256308.0,36,0.083,SCARA Robot,15
CUST0208,30.0,Male,Bengaluru,Small,Pharmaceutical,Robotics,488735.92,2,244367.96,64,0.167,Collaborative Robot,3
CUST0209,42.0,Male,Bengaluru,Medium,Textile,Sensors,153121.24,7,21874.46,75,0.583,LiDAR Sensor,21
CUST0210,43.0,Female,Chennai,Medium,Food Processing,Motion Control,162077.22,8,20259.65,165,0.667,Servo Motor,22
CUST0211,37.0,Male,Ahmedabad,Medium,General Engineering,Mobile Robotics,574484.14,3,191494.71,104,0.25,AGV,33
CUST0212,33.0,Female,Coimbatore,Large,Electronics,End Effectors,183097.22,7,26156.75,25,0.583,Robotic Gripper,13
CUST0213,47.0,Male,Chennai,Medium,Pharmaceutical,Sensors,38383.42,5,7676.68,87,0.417,LiDAR Sensor,22
CUST0214,26.0,Male,Chennai,Small,Warehouse & Logistics,Mobile Robotics,227260.51,4,56815.13,19,0.333,AMR,19
CUST0215,38.0,Female,Hyderabad,Medium,Warehouse & Logistics,End Effectors,168725.99,6,28121.0,54,0.5,Robotic Gripper,46
CUST0216,36.0,Male,Bengaluru,Small,General Engineering,Robotics,329241.82,8,41155.23,55,0.667,Collaborative Robot,14
CUST0217,26.0,Female,Ahmedabad,Medium,Warehouse & Logistics,Sensors,75437.67,5,15087.53,34,0.417,Ultrasonic Sensor,36
CUST0218,40.0,Male,Bengaluru,Small,Electronics,Control,95958.7,4,23989.68,105,0.333,HMI,6
CUST0219,26.0,Female,Bengaluru,Medium,Automotive,Machine Vision,133870.18,5,26774.04,103,0.417,Machine Vision Camera,24
CUST0220,30.0,Male,Hyderabad,Small,Automotive,Robotics,241314.66,4,60328.67,108,0.333,Industrial Robot,25
CUST0221,45.0,Male,Chennai,Small,Warehouse & Logistics,Control,102062.77,4,25515.69,65,0.333,HMI,37
CUST0222,29.0,Male,Bengaluru,Small,Pharmaceutical,Sensors,113599.47,3,37866.49,103,0.25,Ultrasonic Sensor,3
CUST0223,47.0,Male,Coimbatore,Large,Pharmaceutical,Motion Control,280802.71,7,40114.67,180,0.583,Servo Drive,72
CUST0224,46.0,Female,Hyderabad,Large,Pharmaceutical,End Effectors,275870.27,3,91956.76,27,0.25,Robotic Gripper,57
CUST0225,50.0,Male,Hyderabad,Medium,Food Processing,Mobile Robotics,630883.57,8,78860.45,51,0.667,AMR,43
CUST0226,40.0,Female,Hyderabad,Medium,Automotive,End Effectors,149791.93,5,29958.39,42,0.417,Robotic Gripper,34
CUST0227,51.0,Female,Coimbatore,Large,Electronics,Control,186385.57,5,37277.11,55,0.417,HMI,60
CUST0228,46.0,Female,Pune,Large,Manufacturing,Motion Control,283473.89,8,35434.24,81,0.667,Servo Drive,42
CUST0229,43.0,Male,Chennai,Medium,General Engineering,Robotics,614955.78,5,122991.16,10,0.417,Robot Controller,34
CUST0230,38.0,Male,Bengaluru,Medium,Automotive,Robotics,405577.09,7,57939.58,29,0.583,Robot Controller,23
CUST0231,33.0,Male,Ahmedabad,Small,Automotive,Motion Control,95088.16,6,15848.03,39,0.5,Servo Motor,25
CUST0232,38.0,Male,Hyderabad,Small,Automotive,Robotics,390180.54,2,195090.27,12,0.167,SCARA Robot,35
CUST0233,33.0,Female,Hyderabad,Large,Warehouse & Logistics,End Effectors,264629.11,4,66157.28,17,0.333,Vacuum Gripper,62
CUST0234,39.0,Female,Pune,Small,Automotive,Sensors,72484.84,2,36242.42,24,0.167,Proximity Sensor,26
CUST0235,46.0,Male,Pune,Medium,Warehouse & Logistics,Control,172421.69,3,57473.9,119,0.25,HMI,20
CUST0236,48.0,Female,Mumbai,Large,Pharmaceutical,End Effectors,253732.24,9,28192.47,10,0.75,Vacuum Gripper,26
CUST0237,37.0,Female,Pune,Medium,General Engineering,Motion Control,217411.18,7,31058.74,166,0.583,Servo Drive,17
CUST0238,23.0,Male,Bengaluru,Medium,Food Processing,End Effectors,125989.28,6,20998.21,50,0.5,Vacuum Gripper,57
CUST0239,34.0,Male,Bengaluru,Large,General Engineering,End Effectors,239389.63,6,39898.27,89,0.5,Robotic Gripper,36
CUST0240,26.0,Male,Bengaluru,Medium,Food Processing,Mobile Robotics,356398.61,4,89099.65,92,0.333,AMR,13
CUST0241,23.0,Male,Hyderabad,Large,Warehouse & Logistics,Control,272657.91,10,27265.79,139,0.833,PLC,58
CUST0242,40.0,Male,Mumbai,Medium,Automotive,Robotics,454492.66,6,75748.78,83,0.5,SCARA Robot,45
CUST0243,31.0,Female,Chennai,Medium,Warehouse & Logistics,Sensors,91670.85,6,15278.47,27,0.5,Ultrasonic Sensor,20
CUST0244,33.0,Female,Pune,Medium,Electronics,Control,125716.27,6,20952.71,4,0.5,HMI,36
CUST0245,40.0,Male,Pune,Large,Textile,Motion Control,374138.05,8,46767.26,14,0.667,Servo Motor,62
CUST0246,35.0,Male,Delhi NCR,Small,Electronics,Robotics,368425.01,4,92106.25,165,0.333,Collaborative Robot,20
CUST0247,41.0,Male,Pune,Medium,Pharmaceutical,End Effectors,81526.05,4,20381.51,51,0.333,Vacuum Gripper,45
CUST0248,41.0,Male,Coimbatore,Large,Manufacturing,Motion Control,356681.83,4,89170.46,98,0.333,Servo Drive,23
CUST0249,33.0,Male,Bengaluru,Medium,Warehouse & Logistics,Robotics,451470.12,5,90294.02,22,0.417,Industrial Robot,20
CUST0250,53.0,Female,Chennai,Medium,Textile,Machine Vision,288493.45,8,36061.68,81,0.667,Machine Vision Camera,32
CUST0251,48.0,Female,Pune,Medium,Pharmaceutical,Control,177555.41,6,29592.57,44,0.5,HMI,54
CUST0252,35.0,Male,Bengaluru,Medium,General Engineering,Robotics,783564.7,5,156712.94,62,0.417,Industrial Robot,33
CUST0253,37.0,Female,Pune,Medium,Pharmaceutical,Motion Control,239687.11,5,47937.42,53,0.417,Servo Motor,29
CUST0254,30.0,Male,Coimbatore,Large,Electronics,Control,312788.66,6,52131.44,55,0.5,PLC,40
CUST0255,46.0,Male,Pune,Small,General Engineering,Robotics,281904.54,3,93968.18,116,0.25,Industrial Robot,3
CUST0256,36.0,Male,Chennai,Medium,Automotive,Sensors,181329.21,4,45332.3,58,0.333,LiDAR Sensor,20
CUST0257,43.0,Male,Chennai,Medium,Automotive,Sensors,128635.99,7,18376.57,29,0.583,Proximity Sensor,23
CUST0258,38.0,Male,Bengaluru,Large,Pharmaceutical,Robotics,717693.24,7,102527.61,63,0.583,SCARA Robot,53
CUST0259,38.0,Male,Delhi NCR,Small,Manufacturing,Control,22485.83,3,7495.28,37,0.25,HMI,24
CUST0260,49.0,Male,Mumbai,Small,Manufacturing,Control,157747.58,7,22535.37,35,0.583,PLC,14
CUST0261,37.0,Male,Chennai,Small,Textile,Mobile Robotics,232308.28,3,77436.09,16,0.25,AGV,31
CUST0262,26.0,Male,Delhi NCR,Small,Textile,Sensors,67674.95,4,16918.74,30,0.333,LiDAR Sensor,8
CUST0263,53.0,Female,Delhi NCR,Small,Food Processing,End Effectors,104676.91,3,34892.3,16,0.25,Vacuum Gripper,3
CUST0264,47.0,Female,Delhi NCR,Large,Textile,Robotics,793108.69,8,99138.59,80,0.667,Robot Controller,33
CUST0265,32.0,Male,Chennai,Large,Automotive,Mobile Robotics,713856.4,5,142771.28,59,0.417,AGV,20
CUST0266,29.0,Male,Pune,Medium,Electronics,Machine Vision,402252.29,10,40225.23,29,0.833,Machine Vision Camera,32
CUST0267,23.0,Male,Delhi NCR,Medium,General Engineering,Control,246576.86,4,61644.21,16,0.333,HMI,59
CUST0268,53.0,Male,Hyderabad,Small,Food Processing,Robotics,329852.05,5,65970.41,6,0.417,Industrial Robot,14
CUST0269,37.0,Female,Hyderabad,Medium,Warehouse & Logistics,Mobile Robotics,329736.16,6,54956.03,31,0.5,AMR,40
CUST0270,39.0,Female,Chennai,Small,Warehouse & Logistics,Sensors,98705.34,6,16450.89,127,0.5,Ultrasonic Sensor,49
CUST0271,30.0,Male,Delhi NCR,Large,Manufacturing,Robotics,1103300.55,8,137912.57,99,0.667,Industrial Robot,48
CUST0272,44.0,Male,Pune,Medium,Electronics,Control,99846.79,5,19969.36,43,0.417,HMI,28
CUST0273,39.0,Male,Chennai,Small,Electronics,End Effectors,73535.0,2,36767.5,171,0.167,Vacuum Gripper,9
CUST0274,29.0,Male,Pune,Small,Pharmaceutical,Machine Vision,70731.89,4,17682.97,38,0.333,Machine Vision Camera,9
CUST0275,41.0,Male,Coimbatore,Large,Food Processing,Machine Vision,444417.96,5,88883.59,60,0.417,Machine Vision Camera,30
CUST0276,40.0,Female,Chennai,Small,Automotive,Control,175490.91,2,87745.46,112,0.167,PLC,21
CUST0277,42.0,Female,Bengaluru,Small,Pharmaceutical,Sensors,138033.6,3,46011.2,55,0.25,Ultrasonic Sensor,9
CUST0278,33.0,Male,Pune,Small,Pharmaceutical,Sensors,15000.0,5,3000.0,76,0.417,Ultrasonic Sensor,13
CUST0279,34.0,Male,Bengaluru,Small,Pharmaceutical,Motion Control,154995.17,5,30999.03,43,0.417,Servo Drive,14
CUST0280,49.0,Male,Ahmedabad,Small,Warehouse & Logistics,Robotics,171863.29,4,42965.82,74,0.333,Industrial Robot,24
CUST0281,31.0,Male,Hyderabad,Small,General Engineering,Control,114380.29,4,28595.07,29,0.333,PLC,3
CUST0282,45.0,Male,Pune,Medium,Automotive,Sensors,22611.44,5,4522.29,30,0.417,Proximity Sensor,23
CUST0283,28.0,Female,Coimbatore,Small,Warehouse & Logistics,Control,190755.95,4,47688.99,143,0.333,HMI,4
CUST0284,28.0,Female,Chennai,Large,Pharmaceutical,Sensors,189781.62,9,21086.85,37,0.75,Proximity Sensor,24
CUST0285,52.0,Male,Chennai,Large,Electronics,End Effectors,245860.12,2,122930.06,29,0.167,Vacuum Gripper,38
CUST0286,39.0,Male,Pune,Medium,Warehouse & Logistics,Machine Vision,325004.68,8,40625.58,22,0.667,Machine Vision Camera,35
CUST0287,41.0,Male,Bengaluru,Small,Pharmaceutical,End Effectors,83936.05,1,83936.05,28,0.083,Vacuum Gripper,31
CUST0288,34.0,Male,Ahmedabad,Medium,General Engineering,Sensors,138475.13,6,23079.19,41,0.5,Ultrasonic Sensor,13
CUST0289,34.0,Female,Delhi NCR,Medium,General Engineering,Sensors,111667.39,6,18611.23,61,0.5,Proximity Sensor,24
CUST0290,42.0,Male,Delhi NCR,Small,Textile,Robotics,151936.36,3,50645.45,30,0.25,Collaborative Robot,24
CUST0291,41.0,Male,Pune,Small,Warehouse & Logistics,End Effectors,109277.32,4,27319.33,21,0.333,Robotic Gripper,22
CUST0292,36.0,Male,Mumbai,Large,Electronics,Mobile Robotics,776109.18,9,86234.35,68,0.75,AGV,53
CUST0293,44.0,Male,Chennai,Small,General Engineering,End Effectors,98491.47,3,32830.49,62,0.25,Vacuum Gripper,8
CUST0294,44.0,Male,Coimbatore,Large,Automotive,Sensors,169868.23,7,24266.89,64,0.583,Ultrasonic Sensor,63
CUST0295,37.0,Male,Mumbai,Small,Warehouse & Logistics,Robotics,391162.8,2,195581.4,19,0.167,SCARA Robot,3
CUST0296,45.0,Female,Ahmedabad,Medium,Pharmaceutical,End Effectors,157314.87,4,39328.72,37,0.333,Vacuum Gripper,32
CUST0297,29.0,Female,Chennai,Large,Electronics,Machine Vision,552952.21,7,78993.17,156,0.583,Machine Vision Camera,49
CUST0298,31.0,Male,Pune,Small,Food Processing,Motion Control,222504.94,3,74168.31,19,0.25,Servo Drive,3
CUST0299,41.0,Female,Chennai,Medium,Food Processing,Sensors,95993.87,5,19198.77,57,0.417,Ultrasonic Sensor,19
CUST0300,29.0,Male,Coimbatore,Large,Automotive,End Effectors,189480.79,9,21053.42,33,0.75,Robotic Gripper,58
CUST0301,42.0,Male,Coimbatore,Medium,Manufacturing,Sensors,103794.5,4,25948.62,27,0.333,Ultrasonic Sensor,26
CUST0302,42.0,Female,Chennai,Medium,Pharmaceutical,Motion Control,287513.92,7,41073.42,34,0.583,Servo Motor,39
CUST0303,41.0,Male,Delhi NCR,Medium,Manufacturing,Robotics,572519.37,4,143129.84,26,0.333,Robot Controller,52
CUST0304,45.0,Male,Hyderabad,Large,Food Processing,Sensors,228686.46,18,12704.8,20,1.5,Ultrasonic Sensor,72
CUST0305,35.0,Male,Chennai,Medium,Warehouse & Logistics,End Effectors,139076.08,5,27815.22,35,0.417,Robotic Gripper,17
CUST0306,40.0,Male,Bengaluru,Large,Automotive,Robotics,510137.46,3,170045.82,20,0.25,Robot Controller,26
CUST0307,29.0,Female,Chennai,Small,Manufacturing,Mobile Robotics,403880.12,4,100970.03,78,0.333,AMR,8
CUST0308,54.0,Female,Pune,Small,Textile,Control,164520.01,5,32904.0,67,0.417,PLC,3
CUST0309,33.0,Male,Pune,Medium,Warehouse & Logistics,Robotics,564381.07,7,80625.87,16,0.583,Industrial Robot,23
CUST0310,42.0,Male,Mumbai,Medium,Pharmaceutical,End Effectors,165802.07,1,165802.07,60,0.083,Vacuum Gripper,31
CUST0311,39.0,Male,Hyderabad,Small,General Engineering,Mobile Robotics,15000.0,3,5000.0,12,0.25,AGV,8
CUST0312,46.0,Female,Hyderabad,Small,Automotive,Motion Control,189101.55,4,47275.39,44,0.333,Servo Motor,43
CUST0313,37.0,Female,Coimbatore,Large,Food Processing,End Effectors,269039.09,6,44839.85,18,0.5,Robotic Gripper,58
CUST0314,31.0,Male,Delhi NCR,Small,Manufacturing,Robotics,260310.74,4,65077.69,36,0.333,Industrial Robot,18
CUST0315,41.0,Male,Pune,Small,Pharmaceutical,Sensors,53522.38,5,10704.48,32,0.417,Ultrasonic Sensor,12
CUST0316,31.0,Male,Pune,Small,Food Processing,End Effectors,173198.97,3,57732.99,72,0.25,Robotic Gripper,9
CUST0317,55.0,Female,Pune,Small,Manufacturing,Machine Vision,132204.4,3,44068.13,113,0.25,Machine Vision Camera,29
CUST0318,37.0,Male,Chennai,Large,Automotive,Mobile Robotics,627516.57,6,104586.09,48,0.5,AGV,54
CUST0319,34.0,Female,Hyderabad,Medium,General Engineering,Sensors,161042.43,9,17893.6,3,0.75,Ultrasonic Sensor,34
CUST0320,32.0,Male,Bengaluru,Large,General Engineering,Robotics,908304.57,3,302768.19,90,0.25,SCARA Robot,49
CUST0321,39.0,Male,Delhi NCR,Large,General Engineering,Sensors,156969.4,8,19621.18,40,0.667,Proximity Sensor,27
CUST0322,51.0,Female,Coimbatore,Large,Pharmaceutical,Sensors,273736.59,2,136868.3,58,0.167,Proximity Sensor,49
CUST0323,40.0,Male,Chennai,Small,Electronics,Robotics,15000.0,4,3750.0,74,0.333,Collaborative Robot,28
CUST0324,39.0,Male,Bengaluru,Large,Textile,Robotics,918380.48,8,114797.56,109,0.667,Robot Controller,33
CUST0325,30.0,Male,Hyderabad,Large,Automotive,End Effectors,200906.01,8,25113.25,21,0.667,Vacuum Gripper,57
CUST0326,34.0,Male,Coimbatore,Small,Electronics,Motion Control,217659.62,4,54414.91,9,0.333,Servo Motor,17
CUST0327,32.0,Male,Chennai,Medium,Manufacturing,Motion Control,215301.16,3,71767.05,57,0.25,Servo Drive,35
CUST0328,40.0,Male,Bengaluru,Medium,Automotive,Machine Vision,255602.13,5,51120.43,20,0.417,Machine Vision Camera,38
CUST0329,35.0,Male,Chennai,Medium,Electronics,Robotics,368686.17,5,73737.23,73,0.417,SCARA Robot,35
CUST0330,28.0,Male,Chennai,Small,Textile,Robotics,332750.57,2,166375.28,97,0.167,Robot Controller,31
CUST0331,36.0,Male,Chennai,Small,Pharmaceutical,Mobile Robotics,15000.0,6,2500.0,67,0.5,AMR,17
CUST0332,32.0,Male,Pune,Small,Warehouse & Logistics,Sensors,118814.52,3,39604.84,62,0.25,LiDAR Sensor,29
CUST0333,55.0,Male,Delhi NCR,Large,Electronics,Control,343371.54,6,57228.59,43,0.5,PLC,43
CUST0334,30.0,Male,Delhi NCR,Medium,Food Processing,Mobile Robotics,384824.33,8,48103.04,51,0.667,AMR,34
CUST0335,39.0,Male,Coimbatore,Small,Manufacturing,Sensors,119641.3,3,39880.43,113,0.25,Proximity Sensor,9
CUST0336,46.0,Female,Hyderabad,Small,General Engineering,Motion Control,95968.39,4,23992.1,16,0.333,Servo Drive,3
CUST0337,34.0,Male,Hyderabad,Small,Manufacturing,Mobile Robotics,86631.02,1,86631.02,68,0.083,AMR,36
CUST0338,46.0,Male,Pune,Large,General Engineering,Sensors,180345.53,9,20038.39,60,0.75,LiDAR Sensor,35
CUST0339,44.0,Female,Pune,Medium,Electronics,Sensors,165096.91,12,13758.08,42,1.0,Ultrasonic Sensor,62
CUST0340,62.0,Male,Bengaluru,Medium,Textile,Mobile Robotics,280812.28,8,35101.53,70,0.667,AGV,30
CUST0341,46.0,Male,Delhi NCR,Small,Textile,Mobile Robotics,15000.0,5,3000.0,25,0.417,AGV,33
CUST0342,49.0,Male,Chennai,Medium,Warehouse & Logistics,End Effectors,91451.08,4,22862.77,40,0.333,Vacuum Gripper,22
CUST0343,36.0,Male,Coimbatore,Medium,Food Processing,Motion Control,295775.99,5,59155.2,72,0.417,Servo Drive,14
CUST0344,38.0,Female,Bengaluru,Medium,Food Processing,Control,212726.96,5,42545.39,101,0.417,PLC,33
CUST0345,52.0,Male,Delhi NCR,Small,Automotive,Control,140325.37,2,70162.68,54,0.167,PLC,22
CUST0346,41.0,Male,Ahmedabad,Small,Textile,Sensors,87524.16,4,21881.04,74,0.333,Proximity Sensor,27
CUST0347,39.0,Male,Coimbatore,Small,Pharmaceutical,Sensors,76878.86,3,25626.29,43,0.25,LiDAR Sensor,3
CUST0348,53.0,Female,Delhi NCR,Medium,Warehouse & Logistics,Robotics,515222.28,3,171740.76,15,0.25,Collaborative Robot,42
CUST0349,40.0,Male,Pune,Large,Warehouse & Logistics,Motion Control,370593.42,8,46324.18,64,0.667,Servo Motor,56
CUST0350,38.0,Male,Hyderabad,Large,Manufacturing,Mobile Robotics,807318.57,9,89702.06,29,0.75,AGV,55
CUST0351,35.0,Female,Ahmedabad,Medium,Textile,Machine Vision,203738.57,4,50934.64,25,0.333,Machine Vision Camera,18
CUST0352,32.0,Male,Mumbai,Medium,Manufacturing,Control,147752.21,2,73876.11,113,0.167,HMI,22
CUST0353,47.0,Male,Delhi NCR,Small,Pharmaceutical,Motion Control,184105.55,4,46026.39,34,0.333,Servo Drive,29
CUST0354,34.0,Male,Hyderabad,Small,Automotive,Robotics,592082.16,3,197360.72,32,0.25,SCARA Robot,14
CUST0355,35.0,Male,Chennai,Medium,Warehouse & Logistics,Motion Control,177471.88,7,25353.13,137,0.583,Servo Motor,31
CUST0356,31.0,Female,Delhi NCR,Small,General Engineering,Sensors,68160.15,4,17040.04,67,0.333,LiDAR Sensor,19
CUST0357,46.0,Male,Delhi NCR,Small,Automotive,Robotics,262512.81,4,65628.2,50,0.333,Collaborative Robot,19
CUST0358,40.0,Male,Coimbatore,Large,Textile,Sensors,115084.16,9,12787.13,51,0.75,LiDAR Sensor,59
CUST0359,40.0,Male,Chennai,Small,Warehouse & Logistics,Robotics,272478.73,1,272478.73,35,0.083,Collaborative Robot,17
CUST0360,26.0,Male,Coimbatore,Large,Warehouse & Logistics,Sensors,123835.66,7,17690.81,77,0.583,Ultrasonic Sensor,30
