Customer_ID,Age,Gender,Region,Company_Size,Industry,Product_Category,Annual_Spend,Number_of_Orders,Average_Order_Value,Recency_Days,Purchase_Frequency,Preferred_Product,Customer_Tenure_Months,Cluster,Segment
CUST0001,41.0,Male,Bengaluru,Large,Warehouse & Logistics,Motion Control,268308.94,10,26830.894,39,0.8333333333333334,Servo Drive,47,3,Frequent Automation Buyers
CUST0002,42.0,Male,Ahmedabad,Medium,Warehouse & Logistics,Mobile Robotics,461565.24,6,76927.54,54,0.5,AGV,13,3,Frequent Automation Buyers
CUST0003,36.0,Female,Pune,Medium,Warehouse & Logistics,Robotics,429242.19,5,85848.438,45,0.4166666666666667,SCARA Robot,63,0,Active Growth Customers
CUST0004,23.0,Female,Bengaluru,Medium,Warehouse & Logistics,Robotics,868601.29,3,289533.76333333337,9,0.25,Industrial Robot,48,2,High-Value Automation Customers
CUST0005,42.0,Male,Mumbai,Medium,Manufacturing,End Effectors,57057.89,6,9509.648333333333,19,0.5,Robotic Gripper,14,0,Active Growth Customers
CUST0006,38.0,Female,Hyderabad,Large,General Engineering,Motion Control,349649.38,6,58274.89666666667,93,0.5,Servo Motor,15,1,Low-Activity Customers
CUST0007,38.0,Female,Ahmedabad,Medium,Warehouse & Logistics,Mobile Robotics,377131.63,10,37713.163,53,0.8333333333333334,AMR,3,3,Frequent Automation Buyers
CUST0008,38.0,Male,Chennai,Medium,General Engineering,Robotics,401485.32,9,44609.48,27,0.75,Industrial Robot,17,3,Frequent Automation Buyers
CUST0009,35.0,Male,Ahmedabad,Medium,Textile,Sensors,105591.97,4,26397.9925,65,0.3333333333333333,Ultrasonic Sensor,46,0,Active Growth Customers
CUST0010,53.0,Male,Coimbatore,Small,Manufacturing,Machine Vision,88051.88,5,17610.376,138,0.4166666666666667,Machine Vision Camera,20,1,Low-Activity Customers
CUST0011,62.0,Male,Delhi NCR,Small,General Engineering,Motion Control,225446.75,1,225446.75,67,0.0833333333333333,Servo Motor,21,2,High-Value Automation Customers
CUST0012,36.0,Female,Coimbatore,Small,Manufacturing,Sensors,86317.22,6,14386.203333333331,21,0.5,LiDAR Sensor,3,0,Active Growth Customers
CUST0013,29.0,Female,Bengaluru,Small,Manufacturing,Mobile Robotics,150120.91,4,37530.2275,76,0.3333333333333333,AMR,14,0,Active Growth Customers
CUST0014,40.0,Male,Mumbai,Large,Textile,Robotics,745106.24,7,106443.74857142856,106,0.5833333333333334,Robot Controller,66,3,Frequent Automation Buyers
CUST0015,45.0,Male,Pune,Medium,Pharmaceutical,Mobile Robotics,386287.88,2,193143.94,73,0.1666666666666666,AGV,42,2,High-Value Automation Customers
CUST0016,44.0,Female,Mumbai,Small,Warehouse & Logistics,End Effectors,15128.69,4,3782.1725,40,0.3333333333333333,Vacuum Gripper,23,0,Active Growth Customers
CUST0017,44.0,Female,Coimbatore,Medium,Pharmaceutical,Control,128870.79,8,16108.84875,76,0.6666666666666666,PLC,25,3,Frequent Automation Buyers
CUST0018,34.0,Male,Hyderabad,Medium,Warehouse & Logistics,Motion Control,212003.55,3,70667.84999999999,44,0.25,Servo Drive,34,0,Active Growth Customers
CUST0019,45.0,Male,Pune,Medium,Electronics,Sensors,81123.68,7,11589.09714285714,20,0.5833333333333334,LiDAR Sensor,14,0,Active Growth Customers
CUST0020,33.0,Male,Pune,Small,Warehouse & Logistics,Machine Vision,270465.19,2,135232.595,40,0.1666666666666666,Machine Vision Camera,10,2,High-Value Automation Customers
CUST0021,42.0,Male,Chennai,Large,Warehouse & Logistics,Robotics,687507.22,3,229169.07333333333,61,0.25,Robot Controller,44,2,High-Value Automation Customers
CUST0022,37.0,Male,Delhi NCR,Medium,Automotive,End Effectors,95525.16,3,31841.72,38,0.25,Robotic Gripper,33,0,Active Growth Customers
CUST0023,27.0,Male,Chennai,Medium,Electronics,Sensors,147346.78,9,16371.864444444444,56,0.75,LiDAR Sensor,18,3,Frequent Automation Buyers
CUST0024,40.0,Male,Delhi NCR,Medium,Electronics,Robotics,669311.86,5,133862.372,29,0.4166666666666667,Collaborative Robot,24,2,High-Value Automation Customers
CUST0025,44.0,Male,Ahmedabad,Small,General Engineering,Motion Control,169519.36,5,33903.872,98,0.4166666666666667,Servo Drive,14,1,Low-Activity Customers
CUST0026,43.0,Female,Delhi NCR,Small,Textile,Robotics,406093.5,7,58013.357142857145,125,0.5833333333333334,Collaborative Robot,29,1,Low-Activity Customers
CUST0027,42.0,Male,Chennai,Small,Automotive,Motion Control,275941.73,5,55188.346,56,0.4166666666666667,Servo Motor,3,0,Active Growth Customers
CUST0028,23.0,Male,Coimbatore,Medium,Textile,Control,146340.79,6,24390.131666666668,46,0.5,HMI,30,0,Active Growth Customers
CUST0029,44.0,Male,Pune,Medium,Manufacturing,Motion Control,218416.52,4,54604.13,146,0.3333333333333333,Servo Drive,22,1,Low-Activity Customers
CUST0030,42.0,Male,Coimbatore,Small,Electronics,Robotics,318010.42,2,159005.21,56,0.1666666666666666,SCARA Robot,13,2,High-Value Automation Customers
CUST0031,29.0,Male,Delhi NCR,Medium,Warehouse & Logistics,Mobile Robotics,505916.97,8,63239.62125,177,0.6666666666666666,AMR,60,1,Low-Activity Customers
CUST0032,35.0,Male,Delhi NCR,Large,Manufacturing,Mobile Robotics,520500.36,7,74357.19428571429,23,0.5833333333333334,AMR,33,3,Frequent Automation Buyers
CUST0033,50.0,Male,Bengaluru,Medium,Automotive,End Effectors,116551.29,5,23310.258,58,0.4166666666666667,Vacuum Gripper,12,0,Active Growth Customers
CUST0034,38.0,Male,Ahmedabad,Small,Textile,Robotics,328468.76,7,46924.10857142857,19,0.5833333333333334,Robot Controller,6,3,Frequent Automation Buyers
CUST0035,27.0,Male,Delhi NCR,Small,Electronics,Motion Control,234269.18,4,58567.295,46,0.3333333333333333,Servo Drive,28,0,Active Growth Customers
CUST0036,29.0,Female,Chennai,Small,General Engineering,Mobile Robotics,173313.58,7,24759.082857142854,78,0.5833333333333334,AGV,4,3,Frequent Automation Buyers
CUST0037,52.0,Male,Chennai,Large,Manufacturing,Control,326479.03,4,81619.7575,178,0.3333333333333333,HMI,60,1,Low-Activity Customers
CUST0038,47.0,Female,Mumbai,Medium,Food Processing,Control,219161.37,7,31308.76714285714,115,0.5833333333333334,PLC,38,1,Low-Activity Customers
CUST0039,39.0,Male,Coimbatore,Medium,Automotive,Sensors,120480.59,3,40160.19666666666,13,0.25,Proximity Sensor,22,0,Active Growth Customers
CUST0040,47.0,Male,Pune,Medium,Manufacturing,Control,211177.01,3,70392.33666666667,26,0.25,HMI,3,0,Active Growth Customers
CUST0041,31.0,Male,Bengaluru,Small,General Engineering,Machine Vision,145364.07,7,20766.29571428572,30,0.5833333333333334,Machine Vision Camera,14,3,Frequent Automation Buyers
CUST0042,41.0,Female,Ahmedabad,Large,Manufacturing,End Effectors,261877.46,7,37411.06571428572,61,0.5833333333333334,Vacuum Gripper,34,3,Frequent Automation Buyers
CUST0043,42.0,Female,Bengaluru,Small,Textile,Control,102031.78,4,25507.945,53,0.3333333333333333,PLC,4,0,Active Growth Customers
CUST0044,33.0,Male,Pune,Small,Textile,End Effectors,158812.29,4,39703.0725,103,0.3333333333333333,Robotic Gripper,18,1,Low-Activity Customers
CUST0045,39.0,Male,Hyderabad,Medium,Manufacturing,Motion Control,197705.93,5,39541.186,78,0.4166666666666667,Servo Motor,33,0,Active Growth Customers
CUST0046,36.0,Male,Chennai,Small,Pharmaceutical,End Effectors,191477.13,4,47869.2825,36,0.3333333333333333,Robotic Gripper,28,0,Active Growth Customers
CUST0047,34.0,Male,Coimbatore,Medium,Pharmaceutical,Robotics,373397.89,4,93349.4725,90,0.3333333333333333,Robot Controller,14,1,Low-Activity Customers
CUST0048,30.0,Male,Chennai,Medium,Pharmaceutical,Motion Control,84192.62,5,16838.523999999998,53,0.4166666666666667,Servo Motor,16,0,Active Growth Customers
CUST0049,47.0,Male,Pune,Medium,Automotive,Sensors,93194.68,12,7766.223333333332,122,1.0,Proximity Sensor,33,3,Frequent Automation Buyers
CUST0050,37.0,Female,Bengaluru,Medium,General Engineering,Motion Control,291950.1,3,97316.7,62,0.25,Servo Drive,44,0,Active Growth Customers
CUST0051,41.0,Female,Pune,Large,Manufacturing,Robotics,838634.79,8,104829.34875,127,0.6666666666666666,Collaborative Robot,40,3,Frequent Automation Buyers
CUST0052,27.0,Female,Bengaluru,Medium,Warehouse & Logistics,Robotics,344664.38,7,49237.76857142857,101,0.5833333333333334,SCARA Robot,39,1,Low-Activity Customers
CUST0053,44.0,Male,Chennai,Large,Automotive,Sensors,223696.02,8,27962.0025,10,0.6666666666666666,Ultrasonic Sensor,31,3,Frequent Automation Buyers
CUST0054,40.0,Male,Bengaluru,Small,Manufacturing,Mobile Robotics,336731.23,5,67346.246,31,0.4166666666666667,AMR,3,0,Active Growth Customers
CUST0055,44.0,Male,Mumbai,Large,Electronics,End Effectors,176365.24,11,16033.203636363636,39,0.9166666666666666,Robotic Gripper,34,3,Frequent Automation Buyers
CUST0056,38.0,Male,Hyderabad,Medium,Electronics,Motion Control,288876.21,5,57775.242000000006,8,0.4166666666666667,Servo Motor,30,0,Active Growth Customers
CUST0057,37.0,Female,Hyderabad,Large,Manufacturing,Motion Control,385226.42,6,64204.40333333333,34,0.5,Servo Drive,44,0,Active Growth Customers
CUST0058,29.0,Male,Chennai,Medium,Manufacturing,Robotics,428438.56,4,107109.64,60,0.3333333333333333,Collaborative Robot,40,2,High-Value Automation Customers
CUST0059,38.0,Female,Pune,Medium,Manufacturing,End Effectors,151712.21,3,50570.73666666666,125,0.25,Robotic Gripper,16,1,Low-Activity Customers
CUST0060,43.0,Female,Delhi NCR,Small,Manufacturing,Sensors,59435.66,3,19811.88666666667,20,0.25,Proximity Sensor,44,0,Active Growth Customers
CUST0061,34.0,Male,Chennai,Medium,Pharmaceutical,Robotics,500104.16,3,166701.38666666666,48,0.25,SCARA Robot,28,2,High-Value Automation Customers
CUST0062,32.0,Male,Hyderabad,Medium,Pharmaceutical,Sensors,136751.52,7,19535.931428571428,65,0.5833333333333334,Proximity Sensor,41,3,Frequent Automation Buyers
CUST0063,33.0,Male,Bengaluru,Small,Pharmaceutical,End Effectors,175276.26,5,35055.252,88,0.4166666666666667,Robotic Gripper,3,1,Low-Activity Customers
CUST0064,38.0,Female,Mumbai,Large,Food Processing,Robotics,1046496.6,7,149499.51428571428,56,0.5833333333333334,Industrial Robot,47,2,High-Value Automation Customers
CUST0065,27.0,Male,Ahmedabad,Medium,Warehouse & Logistics,Motion Control,142389.62,2,71194.81,83,0.1666666666666666,Servo Drive,38,0,Active Growth Customers
CUST0066,32.0,Male,Chennai,Small,General Engineering,Robotics,511144.13,3,170381.37666666668,41,0.25,Industrial Robot,20,2,High-Value Automation Customers
CUST0067,53.0,Female,Mumbai,Large,Food Processing,Sensors,200105.13,8,25013.14125,22,0.6666666666666666,LiDAR Sensor,33,3,Frequent Automation Buyers
CUST0068,41.0,Male,Bengaluru,Medium,Textile,Robotics,551861.1,11,50169.19090909091,22,0.9166666666666666,Robot Controller,33,3,Frequent Automation Buyers
CUST0069,25.0,Male,Hyderabad,Small,General Engineering,Robotics,249469.37,3,83156.45666666667,91,0.25,Collaborative Robot,19,1,Low-Activity Customers
CUST0070,38.0,Male,Ahmedabad,Medium,Manufacturing,Mobile Robotics,502434.82,3,167478.27333333337,44,0.25,AMR,12,2,High-Value Automation Customers
CUST0071,42.0,Male,Delhi NCR,Large,Warehouse & Logistics,Mobile Robotics,748271.61,8,93533.95125,21,0.6666666666666666,AGV,20,3,Frequent Automation Buyers
CUST0072,41.0,Male,Delhi NCR,Medium,Electronics,Robotics,346110.25,8,43263.78125,160,0.6666666666666666,Industrial Robot,20,1,Low-Activity Customers
CUST0073,34.0,Male,Pune,Medium,Electronics,End Effectors,198654.63,8,24831.82875,90,0.6666666666666666,Vacuum Gripper,35,3,Frequent Automation Buyers
CUST0074,35.0,Male,Pune,Medium,Electronics,Mobile Robotics,203164.69,7,29023.527142857143,6,0.5833333333333334,AGV,27,3,Frequent Automation Buyers
CUST0075,45.0,Female,Hyderabad,Medium,Automotive,Sensors,128445.04,4,32111.26,91,0.3333333333333333,Proximity Sensor,26,1,Low-Activity Customers
CUST0076,40.0,Female,Mumbai,Medium,Warehouse & Logistics,Sensors,122616.83,9,13624.092222222222,97,0.75,Ultrasonic Sensor,44,3,Frequent Automation Buyers
CUST0077,45.0,Female,Pune,Medium,Warehouse & Logistics,Mobile Robotics,334684.38,8,41835.5475,70,0.6666666666666666,AMR,37,3,Frequent Automation Buyers
CUST0078,43.0,Female,Coimbatore,Small,Food Processing,Mobile Robotics,340425.19,5,68085.038,13,0.4166666666666667,AMR,34,0,Active Growth Customers
CUST0079,36.0,Male,Ahmedabad,Large,Textile,Mobile Robotics,573670.05,10,57367.005000000005,110,0.8333333333333334,AGV,57,3,Frequent Automation Buyers
CUST0080,30.0,Male,Ahmedabad,Large,Automotive,Mobile Robotics,755196.43,5,151039.28600000002,33,0.4166666666666667,AMR,53,2,High-Value Automation Customers
CUST0081,48.0,Male,Delhi NCR,Medium,Electronics,Robotics,596910.35,7,85272.90714285713,31,0.5833333333333334,Robot Controller,25,3,Frequent Automation Buyers
CUST0082,35.0,Female,Chennai,Large,Manufacturing,Machine Vision,388401.68,7,55485.95428571429,56,0.5833333333333334,Machine Vision Camera,32,3,Frequent Automation Buyers
CUST0083,41.0,Male,Pune,Large,Manufacturing,Motion Control,311051.91,12,25920.9925,38,1.0,Servo Motor,22,3,Frequent Automation Buyers
CUST0084,36.0,Male,Delhi NCR,Medium,Automotive,Mobile Robotics,332992.14,6,55498.69,18,0.5,AGV,21,0,Active Growth Customers
CUST0085,29.0,Female,Mumbai,Large,Textile,Control,245259.06,11,22296.278181818183,55,0.9166666666666666,HMI,57,3,Frequent Automation Buyers
CUST0086,41.0,Female,Bengaluru,Small,Textile,Motion Control,156802.25,5,31360.45,83,0.4166666666666667,Servo Motor,10,1,Low-Activity Customers
CUST0087,24.0,Male,Mumbai,Large,Automotive,Sensors,109160.4,9,12128.933333333332,45,0.75,LiDAR Sensor,44,3,Frequent Automation Buyers
CUST0088,38.0,Female,Delhi NCR,Medium,General Engineering,Mobile Robotics,374120.33,5,74824.066,45,0.4166666666666667,AGV,31,0,Active Growth Customers
CUST0089,39.0,Male,Chennai,Medium,Manufacturing,Sensors,148828.46,6,24804.74333333333,24,0.5,Proximity Sensor,42,0,Active Growth Customers
CUST0090,45.0,Male,Ahmedabad,Medium,Warehouse & Logistics,Robotics,653675.33,3,217891.77666666664,50,0.25,SCARA Robot,3,2,High-Value Automation Customers
CUST0091,28.0,Male,Hyderabad,Medium,Electronics,Motion Control,193304.58,8,24163.0725,83,0.6666666666666666,Servo Drive,12,3,Frequent Automation Buyers
CUST0092,44.0,Female,Chennai,Medium,Electronics,Sensors,85252.76,9,9472.528888888888,94,0.75,LiDAR Sensor,35,3,Frequent Automation Buyers
CUST0093,39.0,Male,Chennai,Small,Textile,Motion Control,94542.41,3,31514.13666666667,91,0.25,Servo Drive,15,1,Low-Activity Customers
CUST0094,48.0,Male,Delhi NCR,Large,General Engineering,Mobile Robotics,556688.43,8,69586.05375,23,0.6666666666666666,AMR,39,3,Frequent Automation Buyers
CUST0095,31.0,Male,Pune,Large,General Engineering,Control,391777.74,5,78355.548,162,0.4166666666666667,HMI,50,1,Low-Activity Customers
CUST0096,40.0,Male,Bengaluru,Medium,Warehouse & Logistics,Control,206837.82,6,34472.97,23,0.5,PLC,3,0,Active Growth Customers
CUST0097,33.0,Male,Chennai,Medium,Food Processing,Motion Control,143290.42,5,28658.084000000003,72,0.4166666666666667,Servo Drive,29,0,Active Growth Customers
CUST0098,36.0,Male,Coimbatore,Small,Warehouse & Logistics,Sensors,53385.05,1,53385.05,15,0.0833333333333333,Ultrasonic Sensor,35,0,Active Growth Customers
CUST0099,42.0,Male,Mumbai,Medium,Electronics,Robotics,667465.04,7,95352.14857142858,56,0.5833333333333334,Robot Controller,46,3,Frequent Automation Buyers
CUST0100,32.0,Male,Coimbatore,Small,Automotive,Robotics,372152.84,6,62025.473333333335,11,0.5,Industrial Robot,3,0,Active Growth Customers
CUST0101,39.0,Female,Coimbatore,Small,Textile,Sensors,15000.0,3,5000.0,46,0.25,Proximity Sensor,23,0,Active Growth Customers
CUST0102,32.0,Male,Chennai,Medium,Pharmaceutical,Mobile Robotics,246180.41,2,123090.205,28,0.1666666666666666,AGV,21,2,High-Value Automation Customers
CUST0103,49.0,Male,Mumbai,Medium,Warehouse & Logistics,Sensors,94975.59,3,31658.53,36,0.25,Proximity Sensor,24,0,Active Growth Customers
CUST0104,23.0,Male,Delhi NCR,Small,Food Processing,Motion Control,279447.14,4,69861.785,40,0.3333333333333333,Servo Drive,26,0,Active Growth Customers
CUST0105,40.0,Female,Bengaluru,Medium,Manufacturing,Mobile Robotics,373709.31,3,124569.77,19,0.25,AMR,32,2,High-Value Automation Customers
CUST0106,43.0,Male,Chennai,Medium,Automotive,Sensors,115338.8,5,23067.76,84,0.4166666666666667,Proximity Sensor,39,1,Low-Activity Customers
CUST0107,34.0,Male,Bengaluru,Small,Automotive,Mobile Robotics,212173.78,3,70724.59333333334,60,0.25,AGV,21,0,Active Growth Customers
CUST0108,44.0,Male,Coimbatore,Large,Pharmaceutical,Mobile Robotics,532478.88,7,76068.41142857143,46,0.5833333333333334,AGV,68,3,Frequent Automation Buyers
CUST0109,42.0,Male,Coimbatore,Medium,Warehouse & Logistics,Motion Control,276514.69,4,69128.6725,53,0.3333333333333333,Servo Motor,14,0,Active Growth Customers
CUST0110,38.0,Female,Delhi NCR,Medium,Manufacturing,Motion Control,188660.05,8,23582.50625,27,0.6666666666666666,Servo Drive,15,3,Frequent Automation Buyers
CUST0111,37.0,Female,Bengaluru,Small,Textile,Machine Vision,164756.2,4,41189.05,103,0.3333333333333333,Machine Vision Camera,10,1,Low-Activity Customers
CUST0112,38.0,Male,Pune,Small,Warehouse & Logistics,Control,92657.22,4,23164.305,85,0.3333333333333333,HMI,8,1,Low-Activity Customers
CUST0113,33.0,Female,Bengaluru,Small,Pharmaceutical,Sensors,88178.34,1,88178.34,45,0.0833333333333333,LiDAR Sensor,9,0,Active Growth Customers
CUST0114,42.0,Male,Mumbai,Medium,Warehouse & Logistics,Robotics,767946.71,5,153589.342,77,0.4166666666666667,SCARA Robot,14,2,High-Value Automation Customers
CUST0115,39.0,Female,Mumbai,Medium,Electronics,End Effectors,171706.84,8,21463.355,70,0.6666666666666666,Vacuum Gripper,44,3,Frequent Automation Buyers
CUST0116,42.0,Male,Delhi NCR,Medium,Electronics,Control,132553.94,8,16569.2425,77,0.6666666666666666,PLC,29,3,Frequent Automation Buyers
CUST0117,38.0,Female,Ahmedabad,Medium,Warehouse & Logistics,Robotics,746792.1,4,186698.025,36,0.3333333333333333,SCARA Robot,3,2,High-Value Automation Customers
CUST0118,45.0,Male,Delhi NCR,Medium,General Engineering,Motion Control,223276.19,6,37212.69833333333,104,0.5,Servo Drive,32,1,Low-Activity Customers
CUST0119,35.0,Female,Hyderabad,Large,Automotive,Sensors,196632.03,13,15125.540769230767,32,1.0833333333333333,Proximity Sensor,42,3,Frequent Automation Buyers
CUST0120,40.0,Male,Hyderabad,Small,Warehouse & Logistics,Motion Control,15000.0,6,2500.0,179,0.5,Servo Drive,29,1,Low-Activity Customers
CUST0121,31.0,Male,Bengaluru,Small,Pharmaceutical,Mobile Robotics,224801.9,4,56200.475,43,0.3333333333333333,AMR,23,0,Active Growth Customers
CUST0122,38.0,Male,Delhi NCR,Medium,Automotive,End Effectors,256988.64,6,42831.44,47,0.5,Robotic Gripper,21,0,Active Growth Customers
CUST0123,39.0,Female,Coimbatore,Medium,Manufacturing,Mobile Robotics,519008.05,6,86501.34166666666,44,0.5,AMR,43,3,Frequent Automation Buyers
CUST0124,34.0,Male,Mumbai,Small,Pharmaceutical,Motion Control,185541.98,4,46385.495,53,0.3333333333333333,Servo Motor,17,0,Active Growth Customers
CUST0125,43.0,Male,Pune,Large,Electronics,Robotics,786587.53,7,112369.64714285715,39,0.5833333333333334,Industrial Robot,44,3,Frequent Automation Buyers
CUST0126,23.0,Female,Chennai,Medium,Automotive,Robotics,203202.09,4,50800.5225,46,0.3333333333333333,Collaborative Robot,37,0,Active Growth Customers
CUST0127,23.0,Female,Bengaluru,Large,Manufacturing,Machine Vision,308591.03,5,61718.206000000006,49,0.4166666666666667,Machine Vision Camera,47,0,Active Growth Customers
CUST0128,39.0,Male,Mumbai,Small,Manufacturing,Motion Control,135688.85,4,33922.2125,71,0.3333333333333333,Servo Motor,8,0,Active Growth Customers
CUST0129,40.0,Male,Hyderabad,Small,Manufacturing,Robotics,139084.47,4,34771.1175,8,0.3333333333333333,SCARA Robot,29,0,Active Growth Customers
CUST0130,52.0,Male,Coimbatore,Medium,Automotive,Control,149696.48,5,29939.296,21,0.4166666666666667,HMI,38,0,Active Growth Customers
CUST0131,47.0,Male,Pune,Small,Food Processing,Motion Control,136535.64,3,45511.880000000005,57,0.25,Servo Drive,13,0,Active Growth Customers
CUST0132,42.0,Male,Hyderabad,Medium,Manufacturing,Sensors,121616.2,5,24323.24,60,0.4166666666666667,LiDAR Sensor,20,0,Active Growth Customers
CUST0133,43.0,Male,Delhi NCR,Medium,Warehouse & Logistics,Robotics,534144.75,4,133536.1875,60,0.3333333333333333,SCARA Robot,48,2,High-Value Automation Customers
CUST0134,40.0,Male,Delhi NCR,Small,Food Processing,Robotics,530532.51,3,176844.17,25,0.25,Collaborative Robot,32,2,High-Value Automation Customers
CUST0135,28.0,Male,Bengaluru,Medium,General Engineering,End Effectors,72999.07,5,14599.814000000002,17,0.4166666666666667,Vacuum Gripper,29,0,Active Growth Customers
CUST0136,37.0,Female,Ahmedabad,Medium,Warehouse & Logistics,Sensors,163989.94,3,54663.31333333333,4,0.25,Proximity Sensor,13,0,Active Growth Customers
CUST0137,44.0,Female,Chennai,Small,General Engineering,Mobile Robotics,233414.09,9,25934.89888888889,19,0.75,AMR,11,3,Frequent Automation Buyers
CUST0138,31.0,Female,Bengaluru,Large,Electronics,Motion Control,330455.63,9,36717.29222222223,3,0.75,Servo Motor,37,3,Frequent Automation Buyers
CUST0139,40.0,Female,Chennai,Small,Manufacturing,Sensors,103688.31,2,51844.155,38,0.1666666666666666,Ultrasonic Sensor,52,0,Active Growth Customers
CUST0140,36.0,Male,Mumbai,Medium,Automotive,Sensors,70352.74,7,10050.391428571427,83,0.5833333333333334,LiDAR Sensor,23,1,Low-Activity Customers
CUST0141,34.0,Male,Hyderabad,Large,Food Processing,Control,214998.38,4,53749.595,130,0.3333333333333333,PLC,51,1,Low-Activity Customers
CUST0142,25.0,Male,Mumbai,Small,Warehouse & Logistics,Robotics,306038.65,4,76509.6625,13,0.3333333333333333,Industrial Robot,54,0,Active Growth Customers
CUST0143,32.0,Female,Delhi NCR,Small,Food Processing,Mobile Robotics,421336.54,4,105334.135,16,0.3333333333333333,AGV,26,2,High-Value Automation Customers
CUST0144,39.0,Female,Hyderabad,Large,Electronics,Robotics,939327.35,12,78277.27916666666,21,1.0,Collaborative Robot,64,3,Frequent Automation Buyers
CUST0145,43.0,Male,Bengaluru,Medium,General Engineering,Machine Vision,218906.46,7,31272.351428571423,27,0.5833333333333334,Machine Vision Camera,3,3,Frequent Automation Buyers
CUST0146,41.0,Female,Delhi NCR,Large,Food Processing,Robotics,907034.05,8,113379.25625,54,0.6666666666666666,Robot Controller,37,3,Frequent Automation Buyers
CUST0147,30.0,Male,Mumbai,Large,Electronics,Control,247642.34,12,20636.861666666668,72,1.0,HMI,57,3,Frequent Automation Buyers
CUST0148,44.0,Female,Chennai,Large,Pharmaceutical,End Effectors,181845.38,9,20205.042222222222,104,0.75,Robotic Gripper,29,3,Frequent Automation Buyers
CUST0149,44.0,Female,Bengaluru,Large,Manufacturing,Robotics,904613.26,7,129230.46571428572,11,0.5833333333333334,SCARA Robot,61,2,High-Value Automation Customers
CUST0150,31.0,Male,Pune,Large,Pharmaceutical,End Effectors,271172.78,11,24652.07090909091,37,0.9166666666666666,Vacuum Gripper,40,3,Frequent Automation Buyers
CUST0151,39.0,Male,Bengaluru,Medium,Automotive,Mobile Robotics,608766.82,3,202922.2733333333,89,0.25,AGV,38,2,High-Value Automation Customers
CUST0152,44.0,Male,Mumbai,Medium,Manufacturing,Mobile Robotics,220990.52,3,73663.50666666667,24,0.25,AMR,60,0,Active Growth Customers
CUST0153,35.0,Male,Bengaluru,Small,Pharmaceutical,Robotics,704956.91,4,176239.2275,5,0.3333333333333333,Industrial Robot,27,2,High-Value Automation Customers
CUST0154,33.0,Male,Hyderabad,Medium,Pharmaceutical,Mobile Robotics,396490.09,6,66081.68166666667,25,0.5,AMR,9,0,Active Growth Customers
CUST0155,49.0,Male,Bengaluru,Medium,Textile,Mobile Robotics,607837.55,9,67537.50555555556,31,0.75,AGV,24,3,Frequent Automation Buyers
CUST0156,34.0,Male,Hyderabad,Small,Textile,Control,146169.42,4,36542.355,42,0.3333333333333333,PLC,15,0,Active Growth Customers
CUST0157,37.0,Male,Mumbai,Medium,Textile,Control,190461.98,4,47615.495,79,0.3333333333333333,PLC,36,0,Active Growth Customers
CUST0158,62.0,Male,Hyderabad,Small,General Engineering,Machine Vision,95310.81,3,31770.27,41,0.25,Machine Vision Camera,28,0,Active Growth Customers
CUST0159,44.0,Male,Delhi NCR,Medium,Pharmaceutical,Mobile Robotics,340655.36,9,37850.59555555556,56,0.75,AGV,6,3,Frequent Automation Buyers
CUST0160,38.0,Female,Bengaluru,Large,Food Processing,Sensors,168094.81,8,21011.85125,18,0.6666666666666666,Ultrasonic Sensor,61,3,Frequent Automation Buyers
CUST0161,35.0,Male,Pune,Medium,Warehouse & Logistics,Sensors,111395.18,5,22279.036,166,0.4166666666666667,Proximity Sensor,13,1,Low-Activity Customers
CUST0162,23.0,Male,Ahmedabad,Small,Textile,Sensors,85826.13,6,14304.355,33,0.5,Ultrasonic Sensor,25,0,Active Growth Customers
CUST0163,49.0,Male,Ahmedabad,Medium,Food Processing,Machine Vision,260114.1,9,28901.566666666666,18,0.75,Machine Vision Camera,55,3,Frequent Automation Buyers
CUST0164,34.0,Male,Ahmedabad,Large,Warehouse & Logistics,Sensors,118292.84,8,14786.605,74,0.6666666666666666,LiDAR Sensor,37,3,Frequent Automation Buyers
CUST0165,32.0,Male,Bengaluru,Medium,Textile,End Effectors,137847.2,7,19692.457142857143,149,0.5833333333333334,Robotic Gripper,28,1,Low-Activity Customers
CUST0166,23.0,Female,Bengaluru,Large,Food Processing,Motion Control,352225.2,6,58704.2,53,0.5,Servo Drive,47,0,Active Growth Customers
CUST0167,35.0,Female,Chennai,Small,Warehouse & Logistics,Control,136942.41,4,34235.6025,66,0.3333333333333333,HMI,7,0,Active Growth Customers
CUST0168,38.0,Male,Delhi NCR,Small,Pharmaceutical,End Effectors,96914.74,3,32304.91333333333,161,0.25,Vacuum Gripper,6,1,Low-Activity Customers
CUST0169,53.0,Male,Bengaluru,Medium,Food Processing,Mobile Robotics,212334.41,8,26541.80125,36,0.6666666666666666,AMR,3,3,Frequent Automation Buyers
CUST0170,48.0,Male,Chennai,Medium,Pharmaceutical,Robotics,503061.72,7,71865.95999999999,34,0.5833333333333334,SCARA Robot,36,3,Frequent Automation Buyers
CUST0171,23.0,Male,Delhi NCR,Medium,Automotive,Sensors,171754.16,8,21469.27,59,0.6666666666666666,Proximity Sensor,48,3,Frequent Automation Buyers
CUST0172,41.0,Male,Bengaluru,Small,Food Processing,Mobile Robotics,174757.42,5,34951.484000000004,15,0.4166666666666667,AMR,26,0,Active Growth Customers
CUST0173,44.0,Male,Bengaluru,Medium,General Engineering,Control,248604.82,6,41434.136666666665,78,0.5,HMI,32,1,Low-Activity Customers
CUST0174,24.0,Male,Delhi NCR,Medium,Manufacturing,Robotics,617021.38,9,68557.93111111112,42,0.75,Collaborative Robot,8,3,Frequent Automation Buyers
CUST0175,33.0,Female,Chennai,Large,Automotive,Control,320451.91,7,45778.84428571428,55,0.5833333333333334,HMI,42,3,Frequent Automation Buyers
CUST0176,39.0,Male,Coimbatore,Medium,Automotive,Machine Vision,253976.53,2,126988.265,92,0.1666666666666666,Machine Vision Camera,36,2,High-Value Automation Customers
CUST0177,39.0,Male,Bengaluru,Small,Electronics,Machine Vision,290027.35,8,36253.41875,10,0.6666666666666666,Machine Vision Camera,13,3,Frequent Automation Buyers
CUST0178,27.0,Male,Coimbatore,Small,Warehouse & Logistics,Mobile Robotics,232924.27,3,77641.42333333332,73,0.25,AGV,30,0,Active Growth Customers
CUST0179,33.0,Male,Coimbatore,Large,Warehouse & Logistics,Mobile Robotics,479925.17,6,79987.52833333334,52,0.5,AGV,27,3,Frequent Automation Buyers
CUST0180,50.0,Male,Chennai,Small,Food Processing,Sensors,71937.26,2,35968.63,49,0.1666666666666666,Proximity Sensor,26,0,Active Growth Customers
CUST0181,38.0,Male,Bengaluru,Medium,Automotive,Robotics,724579.58,3,241526.52666666664,46,0.25,SCARA Robot,48,2,High-Value Automation Customers
CUST0182,38.0,Female,Delhi NCR,Large,Warehouse & Logistics,Sensors,193892.53,8,24236.56625,102,0.6666666666666666,LiDAR Sensor,32,3,Frequent Automation Buyers
CUST0183,25.0,Male,Bengaluru,Small,Manufacturing,Robotics,346307.45,6,57717.90833333333,37,0.5,Industrial Robot,12,0,Active Growth Customers
CUST0184,41.0,Male,Chennai,Medium,Food Processing,Mobile Robotics,334621.02,7,47803.00285714286,76,0.5833333333333334,AGV,22,3,Frequent Automation Buyers
CUST0185,35.0,Female,Delhi NCR,Medium,Manufacturing,Robotics,605090.18,4,151272.545,85,0.3333333333333333,Industrial Robot,37,2,High-Value Automation Customers
CUST0186,40.0,Female,Mumbai,Medium,Pharmaceutical,Control,175664.07,6,29277.345,19,0.5,HMI,38,0,Active Growth Customers
CUST0187,36.0,Male,Delhi NCR,Large,Manufacturing,Robotics,616894.57,5,123378.914,109,0.4166666666666667,Industrial Robot,38,2,High-Value Automation Customers
CUST0188,38.0,Female,Pune,Medium,Manufacturing,Mobile Robotics,463026.37,5,92605.274,47,0.4166666666666667,AGV,25,0,Active Growth Customers
CUST0189,33.0,Male,Coimbatore,Small,Pharmaceutical,Machine Vision,39689.25,6,6614.875,19,0.5,Machine Vision Camera,13,0,Active Growth Customers
CUST0190,38.0,Male,Chennai,Medium,Automotive,Sensors,56794.97,2,28397.485,46,0.1666666666666666,Proximity Sensor,42,0,Active Growth Customers
CUST0191,39.0,Female,Pune,Small,Food Processing,Machine Vision,326358.19,5,65271.638,27,0.4166666666666667,Machine Vision Camera,27,0,Active Growth Customers
CUST0192,43.0,Male,Pune,Medium,Pharmaceutical,Machine Vision,312757.54,5,62551.508,11,0.4166666666666667,Machine Vision Camera,34,0,Active Growth Customers
CUST0193,52.0,Male,Mumbai,Medium,Manufacturing,Robotics,532283.97,7,76040.56714285714,88,0.5833333333333334,SCARA Robot,25,3,Frequent Automation Buyers
CUST0194,37.0,Male,Bengaluru,Medium,Automotive,Robotics,570060.28,3,190020.0933333333,12,0.25,Collaborative Robot,20,2,High-Value Automation Customers
CUST0195,39.0,Male,Pune,Large,Food Processing,Machine Vision,479596.34,7,68513.76285714286,72,0.5833333333333334,Machine Vision Camera,64,3,Frequent Automation Buyers
CUST0196,46.0,Male,Pune,Medium,Textile,Machine Vision,208301.76,6,34716.96,24,0.5,Machine Vision Camera,15,0,Active Growth Customers
CUST0197,29.0,Male,Mumbai,Large,Automotive,Robotics,675766.27,7,96538.03857142858,87,0.5833333333333334,SCARA Robot,23,3,Frequent Automation Buyers
CUST0198,40.0,Male,Hyderabad,Small,Textile,Robotics,434747.91,4,108686.9775,47,0.3333333333333333,SCARA Robot,12,2,High-Value Automation Customers
CUST0199,47.0,Male,Delhi NCR,Small,Textile,Control,85480.14,3,28493.38,15,0.25,HMI,37,0,Active Growth Customers
CUST0200,34.0,Male,Chennai,Large,Warehouse & Logistics,Mobile Robotics,764229.94,10,76422.99399999999,70,0.8333333333333334,AGV,39,3,Frequent Automation Buyers
CUST0201,29.0,Male,Bengaluru,Medium,Manufacturing,Motion Control,197232.91,6,32872.151666666665,35,0.5,Servo Drive,14,0,Active Growth Customers
CUST0202,32.0,Female,Hyderabad,Medium,Food Processing,Motion Control,215449.69,4,53862.4225,26,0.3333333333333333,Servo Motor,20,0,Active Growth Customers
CUST0203,33.0,Male,Pune,Medium,Manufacturing,Sensors,74481.25,2,37240.625,22,0.1666666666666666,Proximity Sensor,52,0,Active Growth Customers
CUST0204,36.0,Male,Pune,Small,Automotive,End Effectors,37301.37,4,9325.3425,46,0.3333333333333333,Robotic Gripper,16,0,Active Growth Customers
CUST0205,38.0,Male,Pune,Large,General Engineering,Control,347341.7,7,49620.24285714286,100,0.5833333333333334,PLC,36,1,Low-Activity Customers
CUST0206,40.0,Female,Chennai,Medium,General Engineering,Sensors,194425.61,4,48606.4025,25,0.3333333333333333,LiDAR Sensor,31,0,Active Growth Customers
CUST0207,42.0,Male,Pune,Small,Food Processing,Robotics,256308.0,1,256308.0,36,0.0833333333333333,SCARA Robot,15,2,High-Value Automation Customers
CUST0208,30.0,Male,Bengaluru,Small,Pharmaceutical,Robotics,488735.92,2,244367.96,64,0.1666666666666666,Collaborative Robot,3,2,High-Value Automation Customers
CUST0209,42.0,Male,Bengaluru,Medium,Textile,Sensors,153121.24,7,21874.46285714285,75,0.5833333333333334,LiDAR Sensor,21,3,Frequent Automation Buyers
CUST0210,43.0,Female,Chennai,Medium,Food Processing,Motion Control,162077.22,8,20259.6525,165,0.6666666666666666,Servo Motor,22,1,Low-Activity Customers
CUST0211,37.0,Male,Ahmedabad,Medium,General Engineering,Mobile Robotics,574484.14,3,191494.7133333333,104,0.25,AGV,33,2,High-Value Automation Customers
CUST0212,33.0,Female,Coimbatore,Large,Electronics,End Effectors,183097.22,7,26156.74571428572,25,0.5833333333333334,Robotic Gripper,13,3,Frequent Automation Buyers
CUST0213,47.0,Male,Chennai,Medium,Pharmaceutical,Sensors,38383.42,5,7676.683999999999,87,0.4166666666666667,LiDAR Sensor,22,1,Low-Activity Customers
CUST0214,26.0,Male,Chennai,Small,Warehouse & Logistics,Mobile Robotics,227260.51,4,56815.1275,19,0.3333333333333333,AMR,19,0,Active Growth Customers
CUST0215,38.0,Female,Hyderabad,Medium,Warehouse & Logistics,End Effectors,168725.99,6,28120.998333333333,54,0.5,Robotic Gripper,46,0,Active Growth Customers
CUST0216,36.0,Male,Bengaluru,Small,General Engineering,Robotics,329241.82,8,41155.2275,55,0.6666666666666666,Collaborative Robot,14,3,Frequent Automation Buyers
CUST0217,26.0,Female,Ahmedabad,Medium,Warehouse & Logistics,Sensors,75437.67,5,15087.534,34,0.4166666666666667,Ultrasonic Sensor,36,0,Active Growth Customers
CUST0218,40.0,Male,Bengaluru,Small,Electronics,Control,95958.7,4,23989.675,105,0.3333333333333333,HMI,6,1,Low-Activity Customers
CUST0219,26.0,Female,Bengaluru,Medium,Automotive,Machine Vision,133870.18,5,26774.036,103,0.4166666666666667,Machine Vision Camera,24,1,Low-Activity Customers
CUST0220,30.0,Male,Hyderabad,Small,Automotive,Robotics,241314.66,4,60328.665,108,0.3333333333333333,Industrial Robot,25,1,Low-Activity Customers
CUST0221,45.0,Male,Chennai,Small,Warehouse & Logistics,Control,102062.77,4,25515.6925,65,0.3333333333333333,HMI,37,0,Active Growth Customers
CUST0222,29.0,Male,Bengaluru,Small,Pharmaceutical,Sensors,113599.47,3,37866.49,103,0.25,Ultrasonic Sensor,3,1,Low-Activity Customers
CUST0223,47.0,Male,Coimbatore,Large,Pharmaceutical,Motion Control,280802.71,7,40114.67285714286,180,0.5833333333333334,Servo Drive,72,1,Low-Activity Customers
CUST0224,46.0,Female,Hyderabad,Large,Pharmaceutical,End Effectors,275870.27,3,91956.75666666668,27,0.25,Robotic Gripper,57,0,Active Growth Customers
CUST0225,50.0,Male,Hyderabad,Medium,Food Processing,Mobile Robotics,630883.57,8,78860.44625,51,0.6666666666666666,AMR,43,3,Frequent Automation Buyers
CUST0226,40.0,Female,Hyderabad,Medium,Automotive,End Effectors,149791.93,5,29958.386,42,0.4166666666666667,Robotic Gripper,34,0,Active Growth Customers
CUST0227,51.0,Female,Coimbatore,Large,Electronics,Control,186385.57,5,37277.114,55,0.4166666666666667,HMI,60,0,Active Growth Customers
CUST0228,46.0,Female,Pune,Large,Manufacturing,Motion Control,283473.89,8,35434.23625,81,0.6666666666666666,Servo Drive,42,3,Frequent Automation Buyers
CUST0229,43.0,Male,Chennai,Medium,General Engineering,Robotics,614955.78,5,122991.156,10,0.4166666666666667,Robot Controller,34,2,High-Value Automation Customers
CUST0230,38.0,Male,Bengaluru,Medium,Automotive,Robotics,405577.09,7,57939.58428571429,29,0.5833333333333334,Robot Controller,23,3,Frequent Automation Buyers
CUST0231,33.0,Male,Ahmedabad,Small,Automotive,Motion Control,95088.16,6,15848.026666666668,39,0.5,Servo Motor,25,0,Active Growth Customers
CUST0232,38.0,Male,Hyderabad,Small,Automotive,Robotics,390180.54,2,195090.27,12,0.1666666666666666,SCARA Robot,35,2,High-Value Automation Customers
CUST0233,33.0,Female,Hyderabad,Large,Warehouse & Logistics,End Effectors,264629.11,4,66157.2775,17,0.3333333333333333,Vacuum Gripper,62,0,Active Growth Customers
CUST0234,39.0,Female,Pune,Small,Automotive,Sensors,72484.84,2,36242.42,24,0.1666666666666666,Proximity Sensor,26,0,Active Growth Customers
CUST0235,46.0,Male,Pune,Medium,Warehouse & Logistics,Control,172421.69,3,57473.89666666667,119,0.25,HMI,20,1,Low-Activity Customers
CUST0236,48.0,Female,Mumbai,Large,Pharmaceutical,End Effectors,253732.24,9,28192.47111111111,10,0.75,Vacuum Gripper,26,3,Frequent Automation Buyers
CUST0237,37.0,Female,Pune,Medium,General Engineering,Motion Control,217411.18,7,31058.74,166,0.5833333333333334,Servo Drive,17,1,Low-Activity Customers
CUST0238,23.0,Male,Bengaluru,Medium,Food Processing,End Effectors,125989.28,6,20998.213333333333,50,0.5,Vacuum Gripper,57,0,Active Growth Customers
CUST0239,34.0,Male,Bengaluru,Large,General Engineering,End Effectors,239389.63,6,39898.27166666667,89,0.5,Robotic Gripper,36,1,Low-Activity Customers
CUST0240,26.0,Male,Bengaluru,Medium,Food Processing,Mobile Robotics,356398.61,4,89099.6525,92,0.3333333333333333,AMR,13,1,Low-Activity Customers
CUST0241,23.0,Male,Hyderabad,Large,Warehouse & Logistics,Control,272657.91,10,27265.791,139,0.8333333333333334,PLC,58,3,Frequent Automation Buyers
CUST0242,40.0,Male,Mumbai,Medium,Automotive,Robotics,454492.66,6,75748.77666666666,83,0.5,SCARA Robot,45,1,Low-Activity Customers
CUST0243,31.0,Female,Chennai,Medium,Warehouse & Logistics,Sensors,91670.85,6,15278.475,27,0.5,Ultrasonic Sensor,20,0,Active Growth Customers
CUST0244,33.0,Female,Pune,Medium,Electronics,Control,125716.27,6,20952.711666666662,4,0.5,HMI,36,0,Active Growth Customers
CUST0245,40.0,Male,Pune,Large,Textile,Motion Control,374138.05,8,46767.25625,14,0.6666666666666666,Servo Motor,62,3,Frequent Automation Buyers
CUST0246,35.0,Male,Delhi NCR,Small,Electronics,Robotics,368425.01,4,92106.2525,165,0.3333333333333333,Collaborative Robot,20,1,Low-Activity Customers
CUST0247,41.0,Male,Pune,Medium,Pharmaceutical,End Effectors,81526.05,4,20381.5125,51,0.3333333333333333,Vacuum Gripper,45,0,Active Growth Customers
CUST0248,41.0,Male,Coimbatore,Large,Manufacturing,Motion Control,356681.83,4,89170.4575,98,0.3333333333333333,Servo Drive,23,1,Low-Activity Customers
CUST0249,33.0,Male,Bengaluru,Medium,Warehouse & Logistics,Robotics,451470.12,5,90294.024,22,0.4166666666666667,Industrial Robot,20,0,Active Growth Customers
CUST0250,53.0,Female,Chennai,Medium,Textile,Machine Vision,288493.45,8,36061.68125,81,0.6666666666666666,Machine Vision Camera,32,3,Frequent Automation Buyers
CUST0251,48.0,Female,Pune,Medium,Pharmaceutical,Control,177555.41,6,29592.568333333333,44,0.5,HMI,54,0,Active Growth Customers
CUST0252,35.0,Male,Bengaluru,Medium,General Engineering,Robotics,783564.7,5,156712.94,62,0.4166666666666667,Industrial Robot,33,2,High-Value Automation Customers
CUST0253,37.0,Female,Pune,Medium,Pharmaceutical,Motion Control,239687.11,5,47937.422,53,0.4166666666666667,Servo Motor,29,0,Active Growth Customers
CUST0254,30.0,Male,Coimbatore,Large,Electronics,Control,312788.66,6,52131.44333333333,55,0.5,PLC,40,0,Active Growth Customers
CUST0255,46.0,Male,Pune,Small,General Engineering,Robotics,281904.54,3,93968.18,116,0.25,Industrial Robot,3,1,Low-Activity Customers
CUST0256,36.0,Male,Chennai,Medium,Automotive,Sensors,181329.21,4,45332.3025,58,0.3333333333333333,LiDAR Sensor,20,0,Active Growth Customers
CUST0257,43.0,Male,Chennai,Medium,Automotive,Sensors,128635.99,7,18376.57,29,0.5833333333333334,Proximity Sensor,23,3,Frequent Automation Buyers
CUST0258,38.0,Male,Bengaluru,Large,Pharmaceutical,Robotics,717693.24,7,102527.60571428572,63,0.5833333333333334,SCARA Robot,53,3,Frequent Automation Buyers
CUST0259,38.0,Male,Delhi NCR,Small,Manufacturing,Control,22485.83,3,7495.276666666668,37,0.25,HMI,24,0,Active Growth Customers
CUST0260,49.0,Male,Mumbai,Small,Manufacturing,Control,157747.58,7,22535.36857142857,35,0.5833333333333334,PLC,14,3,Frequent Automation Buyers
CUST0261,37.0,Male,Chennai,Small,Textile,Mobile Robotics,232308.28,3,77436.09333333334,16,0.25,AGV,31,0,Active Growth Customers
CUST0262,26.0,Male,Delhi NCR,Small,Textile,Sensors,67674.95,4,16918.7375,30,0.3333333333333333,LiDAR Sensor,8,0,Active Growth Customers
CUST0263,53.0,Female,Delhi NCR,Small,Food Processing,End Effectors,104676.91,3,34892.30333333334,16,0.25,Vacuum Gripper,3,0,Active Growth Customers
CUST0264,47.0,Female,Delhi NCR,Large,Textile,Robotics,793108.69,8,99138.58625,80,0.6666666666666666,Robot Controller,33,3,Frequent Automation Buyers
CUST0265,32.0,Male,Chennai,Large,Automotive,Mobile Robotics,713856.4,5,142771.28,59,0.4166666666666667,AGV,20,2,High-Value Automation Customers
CUST0266,29.0,Male,Pune,Medium,Electronics,Machine Vision,402252.29,10,40225.229,29,0.8333333333333334,Machine Vision Camera,32,3,Frequent Automation Buyers
CUST0267,23.0,Male,Delhi NCR,Medium,General Engineering,Control,246576.86,4,61644.215,16,0.3333333333333333,HMI,59,0,Active Growth Customers
CUST0268,53.0,Male,Hyderabad,Small,Food Processing,Robotics,329852.05,5,65970.41,6,0.4166666666666667,Industrial Robot,14,0,Active Growth Customers
CUST0269,37.0,Female,Hyderabad,Medium,Warehouse & Logistics,Mobile Robotics,329736.16,6,54956.026666666665,31,0.5,AMR,40,0,Active Growth Customers
CUST0270,39.0,Female,Chennai,Small,Warehouse & Logistics,Sensors,98705.34,6,16450.89,127,0.5,Ultrasonic Sensor,49,1,Low-Activity Customers
CUST0271,30.0,Male,Delhi NCR,Large,Manufacturing,Robotics,1103300.55,8,137912.56875,99,0.6666666666666666,Industrial Robot,48,2,High-Value Automation Customers
CUST0272,44.0,Male,Pune,Medium,Electronics,Control,99846.79,5,19969.358,43,0.4166666666666667,HMI,28,0,Active Growth Customers
CUST0273,39.0,Male,Chennai,Small,Electronics,End Effectors,73535.0,2,36767.5,171,0.1666666666666666,Vacuum Gripper,9,1,Low-Activity Customers
CUST0274,29.0,Male,Pune,Small,Pharmaceutical,Machine Vision,70731.89,4,17682.9725,38,0.3333333333333333,Machine Vision Camera,9,0,Active Growth Customers
CUST0275,41.0,Male,Coimbatore,Large,Food Processing,Machine Vision,444417.96,5,88883.592,60,0.4166666666666667,Machine Vision Camera,30,0,Active Growth Customers
CUST0276,40.0,Female,Chennai,Small,Automotive,Control,175490.91,2,87745.455,112,0.1666666666666666,PLC,21,1,Low-Activity Customers
CUST0277,42.0,Female,Bengaluru,Small,Pharmaceutical,Sensors,138033.6,3,46011.2,55,0.25,Ultrasonic Sensor,9,0,Active Growth Customers
CUST0278,33.0,Male,Pune,Small,Pharmaceutical,Sensors,15000.0,5,3000.0,76,0.4166666666666667,Ultrasonic Sensor,13,0,Active Growth Customers
CUST0279,34.0,Male,Bengaluru,Small,Pharmaceutical,Motion Control,154995.17,5,30999.034000000003,43,0.4166666666666667,Servo Drive,14,0,Active Growth Customers
CUST0280,49.0,Male,Ahmedabad,Small,Warehouse & Logistics,Robotics,171863.29,4,42965.8225,74,0.3333333333333333,Industrial Robot,24,0,Active Growth Customers
CUST0281,31.0,Male,Hyderabad,Small,General Engineering,Control,114380.29,4,28595.0725,29,0.3333333333333333,PLC,3,0,Active Growth Customers
CUST0282,45.0,Male,Pune,Medium,Automotive,Sensors,22611.44,5,4522.288,30,0.4166666666666667,Proximity Sensor,23,0,Active Growth Customers
CUST0283,28.0,Female,Coimbatore,Small,Warehouse & Logistics,Control,190755.95,4,47688.9875,143,0.3333333333333333,HMI,4,1,Low-Activity Customers
CUST0284,28.0,Female,Chennai,Large,Pharmaceutical,Sensors,189781.62,9,21086.846666666665,37,0.75,Proximity Sensor,24,3,Frequent Automation Buyers
CUST0285,52.0,Male,Chennai,Large,Electronics,End Effectors,245860.12,2,122930.06,29,0.1666666666666666,Vacuum Gripper,38,2,High-Value Automation Customers
CUST0286,39.0,Male,Pune,Medium,Warehouse & Logistics,Machine Vision,325004.68,8,40625.585,22,0.6666666666666666,Machine Vision Camera,35,3,Frequent Automation Buyers
CUST0287,41.0,Male,Bengaluru,Small,Pharmaceutical,End Effectors,83936.05,1,83936.05,28,0.0833333333333333,Vacuum Gripper,31,0,Active Growth Customers
CUST0288,34.0,Male,Ahmedabad,Medium,General Engineering,Sensors,138475.13,6,23079.18833333333,41,0.5,Ultrasonic Sensor,13,0,Active Growth Customers
CUST0289,34.0,Female,Delhi NCR,Medium,General Engineering,Sensors,111667.39,6,18611.231666666667,61,0.5,Proximity Sensor,24,0,Active Growth Customers
CUST0290,42.0,Male,Delhi NCR,Small,Textile,Robotics,151936.36,3,50645.45333333333,30,0.25,Collaborative Robot,24,0,Active Growth Customers
CUST0291,41.0,Male,Pune,Small,Warehouse & Logistics,End Effectors,109277.32,4,27319.33,21,0.3333333333333333,Robotic Gripper,22,0,Active Growth Customers
CUST0292,36.0,Male,Mumbai,Large,Electronics,Mobile Robotics,776109.18,9,86234.35333333333,68,0.75,AGV,53,3,Frequent Automation Buyers
CUST0293,44.0,Male,Chennai,Small,General Engineering,End Effectors,98491.47,3,32830.49,62,0.25,Vacuum Gripper,8,0,Active Growth Customers
CUST0294,44.0,Male,Coimbatore,Large,Automotive,Sensors,169868.23,7,24266.890000000003,64,0.5833333333333334,Ultrasonic Sensor,63,3,Frequent Automation Buyers
CUST0295,37.0,Male,Mumbai,Small,Warehouse & Logistics,Robotics,391162.8,2,195581.4,19,0.1666666666666666,SCARA Robot,3,2,High-Value Automation Customers
CUST0296,45.0,Female,Ahmedabad,Medium,Pharmaceutical,End Effectors,157314.87,4,39328.7175,37,0.3333333333333333,Vacuum Gripper,32,0,Active Growth Customers
CUST0297,29.0,Female,Chennai,Large,Electronics,Machine Vision,552952.21,7,78993.17285714285,156,0.5833333333333334,Machine Vision Camera,49,1,Low-Activity Customers
CUST0298,31.0,Male,Pune,Small,Food Processing,Motion Control,222504.94,3,74168.31333333334,19,0.25,Servo Drive,3,0,Active Growth Customers
CUST0299,41.0,Female,Chennai,Medium,Food Processing,Sensors,95993.87,5,19198.774,57,0.4166666666666667,Ultrasonic Sensor,19,0,Active Growth Customers
CUST0300,29.0,Male,Coimbatore,Large,Automotive,End Effectors,189480.79,9,21053.42111111111,33,0.75,Robotic Gripper,58,3,Frequent Automation Buyers
CUST0301,42.0,Male,Coimbatore,Medium,Manufacturing,Sensors,103794.5,4,25948.625,27,0.3333333333333333,Ultrasonic Sensor,26,0,Active Growth Customers
CUST0302,42.0,Female,Chennai,Medium,Pharmaceutical,Motion Control,287513.92,7,41073.41714285714,34,0.5833333333333334,Servo Motor,39,3,Frequent Automation Buyers
CUST0303,41.0,Male,Delhi NCR,Medium,Manufacturing,Robotics,572519.37,4,143129.8425,26,0.3333333333333333,Robot Controller,52,2,High-Value Automation Customers
CUST0304,45.0,Male,Hyderabad,Large,Food Processing,Sensors,228686.46,18,12704.803333333331,20,1.5,Ultrasonic Sensor,72,3,Frequent Automation Buyers
CUST0305,35.0,Male,Chennai,Medium,Warehouse & Logistics,End Effectors,139076.08,5,27815.216,35,0.4166666666666667,Robotic Gripper,17,0,Active Growth Customers
CUST0306,40.0,Male,Bengaluru,Large,Automotive,Robotics,510137.46,3,170045.82,20,0.25,Robot Controller,26,2,High-Value Automation Customers
CUST0307,29.0,Female,Chennai,Small,Manufacturing,Mobile Robotics,403880.12,4,100970.03,78,0.3333333333333333,AMR,8,2,High-Value Automation Customers
CUST0308,54.0,Female,Pune,Small,Textile,Control,164520.01,5,32904.002,67,0.4166666666666667,PLC,3,0,Active Growth Customers
CUST0309,33.0,Male,Pune,Medium,Warehouse & Logistics,Robotics,564381.07,7,80625.86714285714,16,0.5833333333333334,Industrial Robot,23,3,Frequent Automation Buyers
CUST0310,42.0,Male,Mumbai,Medium,Pharmaceutical,End Effectors,165802.07,1,165802.07,60,0.0833333333333333,Vacuum Gripper,31,2,High-Value Automation Customers
CUST0311,39.0,Male,Hyderabad,Small,General Engineering,Mobile Robotics,15000.0,3,5000.0,12,0.25,AGV,8,0,Active Growth Customers
CUST0312,46.0,Female,Hyderabad,Small,Automotive,Motion Control,189101.55,4,47275.3875,44,0.3333333333333333,Servo Motor,43,0,Active Growth Customers
CUST0313,37.0,Female,Coimbatore,Large,Food Processing,End Effectors,269039.09,6,44839.848333333335,18,0.5,Robotic Gripper,58,0,Active Growth Customers
CUST0314,31.0,Male,Delhi NCR,Small,Manufacturing,Robotics,260310.74,4,65077.685,36,0.3333333333333333,Industrial Robot,18,0,Active Growth Customers
CUST0315,41.0,Male,Pune,Small,Pharmaceutical,Sensors,53522.38,5,10704.476,32,0.4166666666666667,Ultrasonic Sensor,12,0,Active Growth Customers
CUST0316,31.0,Male,Pune,Small,Food Processing,End Effectors,173198.97,3,57732.99,72,0.25,Robotic Gripper,9,0,Active Growth Customers
CUST0317,55.0,Female,Pune,Small,Manufacturing,Machine Vision,132204.4,3,44068.13333333333,113,0.25,Machine Vision Camera,29,1,Low-Activity Customers
CUST0318,37.0,Male,Chennai,Large,Automotive,Mobile Robotics,627516.57,6,104586.095,48,0.5,AGV,54,2,High-Value Automation Customers
CUST0319,34.0,Female,Hyderabad,Medium,General Engineering,Sensors,161042.43,9,17893.603333333333,3,0.75,Ultrasonic Sensor,34,3,Frequent Automation Buyers
CUST0320,32.0,Male,Bengaluru,Large,General Engineering,Robotics,908304.57,3,302768.19,90,0.25,SCARA Robot,49,2,High-Value Automation Customers
CUST0321,39.0,Male,Delhi NCR,Large,General Engineering,Sensors,156969.4,8,19621.175,40,0.6666666666666666,Proximity Sensor,27,3,Frequent Automation Buyers
CUST0322,51.0,Female,Coimbatore,Large,Pharmaceutical,Sensors,273736.59,2,136868.295,58,0.1666666666666666,Proximity Sensor,49,2,High-Value Automation Customers
CUST0323,40.0,Male,Chennai,Small,Electronics,Robotics,15000.0,4,3750.0,74,0.3333333333333333,Collaborative Robot,28,0,Active Growth Customers
CUST0324,39.0,Male,Bengaluru,Large,Textile,Robotics,918380.48,8,114797.56,109,0.6666666666666666,Robot Controller,33,3,Frequent Automation Buyers
CUST0325,30.0,Male,Hyderabad,Large,Automotive,End Effectors,200906.01,8,25113.25125,21,0.6666666666666666,Vacuum Gripper,57,3,Frequent Automation Buyers
CUST0326,34.0,Male,Coimbatore,Small,Electronics,Motion Control,217659.62,4,54414.905,9,0.3333333333333333,Servo Motor,17,0,Active Growth Customers
CUST0327,32.0,Male,Chennai,Medium,Manufacturing,Motion Control,215301.16,3,71767.05333333333,57,0.25,Servo Drive,35,0,Active Growth Customers
CUST0328,40.0,Male,Bengaluru,Medium,Automotive,Machine Vision,255602.13,5,51120.426,20,0.4166666666666667,Machine Vision Camera,38,0,Active Growth Customers
CUST0329,35.0,Male,Chennai,Medium,Electronics,Robotics,368686.17,5,73737.234,73,0.4166666666666667,SCARA Robot,35,0,Active Growth Customers
CUST0330,28.0,Male,Chennai,Small,Textile,Robotics,332750.57,2,166375.285,97,0.1666666666666666,Robot Controller,31,2,High-Value Automation Customers
CUST0331,36.0,Male,Chennai,Small,Pharmaceutical,Mobile Robotics,15000.0,6,2500.0,67,0.5,AMR,17,0,Active Growth Customers
CUST0332,32.0,Male,Pune,Small,Warehouse & Logistics,Sensors,118814.52,3,39604.84,62,0.25,LiDAR Sensor,29,0,Active Growth Customers
CUST0333,55.0,Male,Delhi NCR,Large,Electronics,Control,343371.54,6,57228.59,43,0.5,PLC,43,0,Active Growth Customers
CUST0334,30.0,Male,Delhi NCR,Medium,Food Processing,Mobile Robotics,384824.33,8,48103.04125,51,0.6666666666666666,AMR,34,3,Frequent Automation Buyers
CUST0335,39.0,Male,Coimbatore,Small,Manufacturing,Sensors,119641.3,3,39880.43333333333,113,0.25,Proximity Sensor,9,1,Low-Activity Customers
CUST0336,46.0,Female,Hyderabad,Small,General Engineering,Motion Control,95968.39,4,23992.0975,16,0.3333333333333333,Servo Drive,3,0,Active Growth Customers
CUST0337,34.0,Male,Hyderabad,Small,Manufacturing,Mobile Robotics,86631.02,1,86631.02,68,0.0833333333333333,AMR,36,0,Active Growth Customers
CUST0338,46.0,Male,Pune,Large,General Engineering,Sensors,180345.53,9,20038.39222222222,60,0.75,LiDAR Sensor,35,3,Frequent Automation Buyers
CUST0339,44.0,Female,Pune,Medium,Electronics,Sensors,165096.91,12,13758.075833333334,42,1.0,Ultrasonic Sensor,62,3,Frequent Automation Buyers
CUST0340,62.0,Male,Bengaluru,Medium,Textile,Mobile Robotics,280812.28,8,35101.535,70,0.6666666666666666,AGV,30,3,Frequent Automation Buyers
CUST0341,46.0,Male,Delhi NCR,Small,Textile,Mobile Robotics,15000.0,5,3000.0,25,0.4166666666666667,AGV,33,0,Active Growth Customers
CUST0342,49.0,Male,Chennai,Medium,Warehouse & Logistics,End Effectors,91451.08,4,22862.77,40,0.3333333333333333,Vacuum Gripper,22,0,Active Growth Customers
CUST0343,36.0,Male,Coimbatore,Medium,Food Processing,Motion Control,295775.99,5,59155.198,72,0.4166666666666667,Servo Drive,14,0,Active Growth Customers
CUST0344,38.0,Female,Bengaluru,Medium,Food Processing,Control,212726.96,5,42545.392,101,0.4166666666666667,PLC,33,1,Low-Activity Customers
CUST0345,52.0,Male,Delhi NCR,Small,Automotive,Control,140325.37,2,70162.685,54,0.1666666666666666,PLC,22,0,Active Growth Customers
CUST0346,41.0,Male,Ahmedabad,Small,Textile,Sensors,87524.16,4,21881.04,74,0.3333333333333333,Proximity Sensor,27,0,Active Growth Customers
CUST0347,39.0,Male,Coimbatore,Small,Pharmaceutical,Sensors,76878.86,3,25626.286666666667,43,0.25,LiDAR Sensor,3,0,Active Growth Customers
CUST0348,53.0,Female,Delhi NCR,Medium,Warehouse & Logistics,Robotics,515222.28,3,171740.76,15,0.25,Collaborative Robot,42,2,High-Value Automation Customers
CUST0349,40.0,Male,Pune,Large,Warehouse & Logistics,Motion Control,370593.42,8,46324.1775,64,0.6666666666666666,Servo Motor,56,3,Frequent Automation Buyers
CUST0350,38.0,Male,Hyderabad,Large,Manufacturing,Mobile Robotics,807318.57,9,89702.06333333332,29,0.75,AGV,55,3,Frequent Automation Buyers
CUST0351,35.0,Female,Ahmedabad,Medium,Textile,Machine Vision,203738.57,4,50934.6425,25,0.3333333333333333,Machine Vision Camera,18,0,Active Growth Customers
CUST0352,32.0,Male,Mumbai,Medium,Manufacturing,Control,147752.21,2,73876.105,113,0.1666666666666666,HMI,22,1,Low-Activity Customers
CUST0353,47.0,Male,Delhi NCR,Small,Pharmaceutical,Motion Control,184105.55,4,46026.3875,34,0.3333333333333333,Servo Drive,29,0,Active Growth Customers
CUST0354,34.0,Male,Hyderabad,Small,Automotive,Robotics,592082.16,3,197360.72,32,0.25,SCARA Robot,14,2,High-Value Automation Customers
CUST0355,35.0,Male,Chennai,Medium,Warehouse & Logistics,Motion Control,177471.88,7,25353.12571428572,137,0.5833333333333334,Servo Motor,31,1,Low-Activity Customers
CUST0356,31.0,Female,Delhi NCR,Small,General Engineering,Sensors,68160.15,4,17040.0375,67,0.3333333333333333,LiDAR Sensor,19,0,Active Growth Customers
CUST0357,46.0,Male,Delhi NCR,Small,Automotive,Robotics,262512.81,4,65628.2025,50,0.3333333333333333,Collaborative Robot,19,0,Active Growth Customers
CUST0358,40.0,Male,Coimbatore,Large,Textile,Sensors,115084.16,9,12787.128888888888,51,0.75,LiDAR Sensor,59,3,Frequent Automation Buyers
CUST0359,40.0,Male,Chennai,Small,Warehouse & Logistics,Robotics,272478.73,1,272478.73,35,0.0833333333333333,Collaborative Robot,17,2,High-Value Automation Customers
CUST0360,26.0,Male,Coimbatore,Large,Warehouse & Logistics,Sensors,123835.66,7,17690.808571428573,77,0.5833333333333334,Ultrasonic Sensor,30,3,Frequent Automation Buyers
